location,vertebrae
1,51
1,51
1,51
1,51
1,51
1,51
1,51
1,51
1,51
1,51
1,51
1,51
1,51
1,52
1,52
1,52
1,52
1,52
1,52
1,52
1,52
1,52
1,52
1,53
2,49
2,49
2,50
2,50
2,50
2,50
2,50
2,50
2,50
2,50
2,50
2,50
2,50
2,50
2,50
2,50
2,50
2,50
2,50
2,50
2,50
2,50
2,50
2,50
2,50
2,50
2,50
2,50
2,50
2,50
2,50
2,50
2,50
2,50
2,50
2,50
2,50
2,50
2,50
2,50
2,50
2,50
2,50
2,50
2,50
2,50
2,50
2,50
2,50
2,50
2,50
2,50
2,50
2,50
2,50
2,50
2,50
2,50
2,50
2,50
2,50
2,50
2,50
2,50
2,50
2,50
2,50
2,50
2,50
2,50
2,50
2,50
2,50
2,50
2,50
2,50
2,50
2,50
2,50
2,50
2,50
2,50
2,50
2,50
2,50
2,50
2,50
2,50
2,50
2,50
2,50
2,50
2,50
2,50
2,50
2,50
2,50
2,50
2,50
2,50
2,50
2,50
2,50
2,50
2,50
2,50
2,50
2,50
2,50
2,50
2,50
2,50
2,50
2,50
2,50
2,50
2,50
2,50
2,50
2,50
2,51
2,51
2,51
2,51
2,51
2,51
2,51
2,51
2,51
2,51
2,51
2,51
2,51
2,51
2,51
2,51
2,51
2,51
2,51
2,51
2,51
2,51
2,51
2,51
2,51
2,51
2,51
2,51
2,51
2,51
2,51
2,51
2,51
2,51
2,51
2,51
2,51
2,51
2,51
2,51
2,51
2,51
2,51
2,51
2,51
2,51
2,51
2,51
2,51
2,51
2,51
2,51
2,51
2,51
2,51
2,51
2,51
2,51
2,51
2,51
2,51
2,51
2,51
2,51
2,51
2,51
2,51
2,51
2,51
2,51
2,51
2,51
2,51
2,51
2,51
2,51
2,51
2,51
2,51
2,51
2,51
2,51
2,51
2,51
2,51
2,51
2,51
2,51
2,51
2,51
2,51
2,51
2,51
2,51
2,51
2,51
2,51
2,51
2,51
2,51
2,51
2,51
2,51
2,51
2,51
2,51
2,51
2,51
2,51
2,51
2,51
2,51
2,51
2,51
2,51
2,51
2,51
2,51
2,51
2,51
2,51
2,51
2,51
2,51
2,51
2,51
2,51
2,51
2,51
2,51
2,51
2,51
2,51
2,51
2,51
2,51
2,51
2,51
2,51
2,51
2,51
2,51
2,51
2,51
2,51
2,51
2,51
2,51
2,51
2,51
2,51
2,51
2,51
2,51
2,51
2,51
2,51
2,51
2,51
2,51
2,51
2,51
2,51
2,51
2,51
2,51
2,51
2,51
2,51
2,51
2,51
2,51
2,51
2,51
2,51
2,51
2,51
2,51
2,51
2,51
2,51
2,51
2,51
2,51
2,51
2,51
2,51
2,51
2,51
2,51
2,51
2,51
2,51
2,51
2,51
2,51
2,51
2,51
2,51
2,51
2,51
2,51
2,51
2,51
2,51
2,51
2,51
2,51
2,51
2,51
2,51
2,51
2,51
2,51
2,51
2,51
2,51
2,51
2,51
2,51
2,51
2,51
2,51
2,51
2,51
2,51
2,51
2,51
2,51
2,51
2,51
2,51
2,51
2,51
2,51
2,51
2,51
2,51
2,51
2,51
2,51
2,51
2,51
2,51
2,51
2,51
2,51
2,51
2,51
2,51
2,51
2,51
2,51
2,51
2,51
2,51
2,51
2,51
2,51
2,51
2,51
2,51
2,51
2,51
2,51
2,51
2,51
2,51
2,51
2,51
2,51
2,51
2,51
2,51
2,51
2,51
2,51
2,51
2,51
2,51
2,51
2,51
2,51
2,51
2,51
2,51
2,51
2,51
2,51
2,51
2,51
2,51
2,51
2,51
2,51
2,51
2,51
2,51
2,51
2,51
2,51
2,51
2,51
2,51
2,51
2,51
2,51
2,51
2,51
2,51
2,51
2,51
2,51
2,51
2,51
2,51
2,51
2,51
2,51
2,51
2,51
2,51
2,51
2,51
2,51
2,51
2,51
2,51
2,51
2,51
2,51
2,51
2,51
2,51
2,51
2,51
2,51
2,51
2,51
2,51
2,51
2,51
2,51
2,51
2,51
2,51
2,51
2,51
2,51
2,51
2,51
2,51
2,51
2,51
2,51
2,51
2,51
2,51
2,51
2,51
2,51
2,51
2,51
2,51
2,51
2,51
2,51
2,51
2,51
2,51
2,51
2,51
2,51
2,51
2,51
2,51
2,51
2,51
2,51
2,51
2,51
2,51
2,51
2,51
2,51
2,51
2,51
2,51
2,51
2,51
2,51
2,51
2,51
2,51
2,51
2,51
2,51
2,51
2,51
2,51
2,51
2,51
2,51
2,51
2,51
2,51
2,51
2,51
2,51
2,51
2,51
2,51
2,51
2,51
2,51
2,51
2,51
2,51
2,51
2,51
2,51
2,51
2,51
2,51
2,51
2,51
2,51
2,51
2,51
2,51
2,51
2,51
2,51
2,51
2,51
2,51
2,51
2,51
2,51
2,51
2,51
2,51
2,51
2,51
2,51
2,51
2,51
2,51
2,51
2,51
2,51
2,51
2,51
2,51
2,51
2,51
2,51
2,51
2,51
2,51
2,51
2,51
2,51
2,51
2,51
2,51
2,51
2,51
2,51
2,51
2,51
2,51
2,51
2,51
2,51
2,51
2,51
2,51
2,51
2,51
2,51
2,51
2,51
2,51
2,51
2,51
2,51
2,51
2,51
2,51
2,51
2,51
2,51
2,51
2,51
2,51
2,51
2,51
2,51
2,51
2,51
2,51
2,51
2,51
2,51
2,51
2,51
2,51
2,51
2,51
2,51
2,51
2,51
2,51
2,51
2,51
2,51
2,51
2,51
2,51
2,51
2,51
2,51
2,51
2,51
2,51
2,51
2,51
2,51
2,51
2,51
2,51
2,51
2,51
2,51
2,51
2,51
2,51
2,51
2,51
2,51
2,51
2,51
2,51
2,51
2,51
2,51
2,51
2,51
2,51
2,51
2,51
2,51
2,51
2,51
2,51
2,51
2,51
2,51
2,51
2,51
2,51
2,51
2,51
2,51
2,51
2,51
2,51
2,51
2,51
2,51
2,51
2,51
2,51
2,51
2,51
2,51
2,51
2,51
2,51
2,51
2,51
2,51
2,51
2,51
2,51
2,51
2,51
2,51
2,51
2,51
2,51
2,51
2,51
2,51
2,51
2,51
2,51
2,51
2,51
2,51
2,51
2,51
2,51
2,51
2,51
2,51
2,51
2,51
2,51
2,51
2,51
2,51
2,51
2,51
2,51
2,51
2,51
2,51
2,51
2,51
2,51
2,51
2,51
2,51
2,51
2,51
2,51
2,51
2,51
2,51
2,51
2,51
2,51
2,51
2,51
2,51
2,51
2,51
2,51
2,51
2,51
2,51
2,51
2,51
2,51
2,51
2,51
2,51
2,51
2,51
2,51
2,51
2,51
2,51
2,51
2,51
2,51
2,51
2,51
2,51
2,51
2,51
2,51
2,51
2,51
2,51
2,51
2,51
2,51
2,51
2,51
2,51
2,51
2,51
2,51
2,51
2,51
2,51
2,51
2,51
2,51
2,51
2,51
2,51
2,51
2,51
2,51
2,51
2,51
2,51
2,51
2,51
2,51
2,51
2,51
2,51
2,51
2,51
2,51
2,51
2,51
2,51
2,51
2,51
2,51
2,51
2,51
2,51
2,51
2,51
2,51
2,51
2,51
2,51
2,51
2,51
2,51
2,51
2,51
2,51
2,51
2,51
2,51
2,51
2,51
2,51
2,51
2,51
2,51
2,51
2,51
2,51
2,51
2,51
2,51
2,51
2,51
2,51
2,51
2,51
2,51
2,51
2,51
2,51
2,51
2,51
2,51
2,51
2,51
2,51
2,51
2,51
2,51
2,51
2,51
2,51
2,51
2,51
2,51
2,51
2,51
2,51
2,51
2,51
2,51
2,51
2,51
2,51
2,51
2,51
2,51
2,51
2,51
2,51
2,51
2,51
2,51
2,51
2,51
2,51
2,51
2,51
2,51
2,51
2,51
2,51
2,51
2,51
2,51
2,51
2,51
2,51
2,51
2,51
2,51
2,51
2,51
2,51
2,51
2,51
2,51
2,51
2,51
2,51
2,51
2,51
2,51
2,51
2,51
2,51
2,51
2,51
2,51
2,51
2,51
2,51
2,51
2,51
2,51
2,51
2,51
2,51
2,51
2,51
2,51
2,51
2,51
2,51
2,51
2,51
2,51
2,51
2,51
2,51
2,51
2,51
2,51
2,51
2,51
2,51
2,51
2,51
2,51
2,51
2,51
2,51
2,51
2,51
2,51
2,51
2,51
2,51
2,51
2,51
2,51
2,51
2,51
2,51
2,51
2,51
2,51
2,51
2,51
2,51
2,51
2,51
2,51
2,51
2,51
2,51
2,51
2,51
2,51
2,51
2,51
2,51
2,51
2,51
2,51
2,51
2,51
2,51
2,51
2,51
2,51
2,51
2,51
2,51
2,51
2,51
2,51
2,51
2,51
2,51
2,51
2,51
2,51
2,51
2,51
2,51
2,51
2,51
2,51
2,51
2,51
2,51
2,51
2,51
2,51
2,51
2,51
2,51
2,51
2,51
2,51
2,51
2,51
2,51
2,51
2,51
2,51
2,51
2,51
2,51
2,51
2,51
2,51
2,51
2,51
2,51
2,51
2,51
2,51
2,51
2,51
2,51
2,51
2,51
2,51
2,51
2,51
2,51
2,51
2,51
2,51
2,51
2,51
2,51
2,51
2,51
2,51
2,51
2,51
2,51
2,51
2,51
2,51
2,51
2,51
2,51
2,51
2,51
2,51
2,51
2,51
2,51
2,51
2,51
2,51
2,51
2,51
2,51
2,51
2,51
2,51
2,51
2,51
2,51
2,51
2,51
2,51
2,51
2,51
2,51
2,51
2,51
2,51
2,51
2,51
2,51
2,51
2,51
2,51
2,51
2,51
2,51
2,51
2,51
2,51
2,51
2,51
2,51
2,51
2,51
2,51
2,51
2,51
2,51
2,51
2,51
2,51
2,51
2,51
2,51
2,51
2,51
2,51
2,51
2,51
2,51
2,51
2,51
2,51
2,51
2,51
2,51
2,51
2,51
2,51
2,51
2,51
2,51
2,51
2,51
2,51
2,51
2,51
2,51
2,51
2,51
2,51
2,51
2,51
2,51
2,51
2,51
2,51
2,51
2,51
2,51
2,51
2,51
2,51
2,51
2,51
2,51
2,51
2,51
2,51
2,51
2,51
2,51
2,51
2,51
2,51
2,51
2,51
2,51
2,51
2,51
2,51
2,51
2,51
2,51
2,51
2,51
2,51
2,51
2,51
2,51
2,51
2,51
2,51
2,51
2,51
2,51
2,51
2,51
2,51
2,51
2,51
2,51
2,51
2,51
2,51
2,51
2,51
2,51
2,51
2,51
2,51
2,51
2,51
2,51
2,51
2,51
2,51
2,51
2,51
2,51
2,51
2,51
2,51
2,51
2,51
2,51
2,51
2,51
2,51
2,51
2,51
2,51
2,51
2,51
2,51
2,51
2,51
2,51
2,51
2,51
2,51
2,51
2,51
2,51
2,51
2,51
2,51
2,51
2,51
2,51
2,51
2,51
2,51
2,51
2,51
2,51
2,51
2,51
2,51
2,51
2,51
2,51
2,51
2,51
2,51
2,51
2,51
2,51
2,51
2,51
2,51
2,51
2,51
2,51
2,51
2,51
2,51
2,51
2,51
2,51
2,51
2,51
2,51
2,51
2,51
2,51
2,51
2,51
2,51
2,51
2,51
2,51
2,51
2,51
2,51
2,51
2,51
2,51
2,51
2,51
2,51
2,51
2,51
2,51
2,51
2,51
2,51
2,51
2,51
2,51
2,51
2,51
2,51
2,51
2,51
2,51
2,51
2,51
2,51
2,51
2,51
2,51
2,51
2,51
2,51
2,51
2,51
2,51
2,51
2,51
2,51
2,51
2,51
2,51
2,51
2,51
2,51
2,51
2,51
2,51
2,51
2,51
2,51
2,51
2,51
2,51
2,51
2,51
2,51
2,51
2,51
2,51
2,51
2,51
2,51
2,51
2,51
2,51
2,51
2,51
2,51
2,51
2,51
2,51
2,51
2,51
2,51
2,51
2,51
2,51
2,51
2,51
2,51
2,51
2,51
2,51
2,51
2,51
2,51
2,51
2,51
2,51
2,51
2,51
2,51
2,51
2,51
2,51
2,51
2,51
2,51
2,51
2,51
2,51
2,51
2,51
2,51
2,51
2,51
2,51
2,51
2,51
2,51
2,51
2,51
2,51
2,51
2,51
2,51
2,51
2,51
2,51
2,51
2,51
2,51
2,51
2,51
2,51
2,51
2,51
2,51
2,51
2,51
2,51
2,51
2,51
2,51
2,51
2,51
2,51
2,51
2,51
2,51
2,51
2,51
2,51
2,51
2,51
2,51
2,51
2,51
2,51
2,51
2,51
2,51
2,51
2,51
2,51
2,51
2,51
2,51
2,51
2,51
2,51
2,51
2,51
2,51
2,51
2,51
2,51
2,51
2,51
2,51
2,51
2,51
2,51
2,51
2,51
2,51
2,51
2,51
2,51
2,51
2,51
2,51
2,51
2,51
2,51
2,51
2,51
2,51
2,51
2,51
2,51
2,51
2,51
2,51
2,51
2,51
2,51
2,51
2,51
2,51
2,51
2,51
2,51
2,51
2,51
2,51
2,51
2,51
2,51
2,51
2,51
2,51
2,51
2,51
2,51
2,51
2,51
2,51
2,51
2,51
2,51
2,51
2,51
2,51
2,51
2,51
2,51
2,51
2,51
2,51
2,51
2,51
2,51
2,51
2,51
2,51
2,51
2,51
2,51
2,51
2,51
2,51
2,51
2,51
2,51
2,51
2,51
2,51
2,51
2,51
2,51
2,51
2,51
2,51
2,51
2,51
2,51
2,51
2,51
2,51
2,51
2,51
2,51
2,51
2,51
2,51
2,51
2,51
2,51
2,51
2,51
2,51
2,51
2,51
2,51
2,51
2,51
2,51
2,51
2,51
2,51
2,51
2,51
2,51
2,51
2,51
2,51
2,51
2,51
2,51
2,51
2,51
2,51
2,51
2,51
2,51
2,51
2,51
2,51
2,51
2,51
2,51
2,51
2,51
2,51
2,51
2,51
2,51
2,51
2,51
2,51
2,51
2,51
2,51
2,51
2,51
2,51
2,51
2,51
2,51
2,51
2,51
2,51
2,51
2,51
2,51
2,51
2,51
2,51
2,51
2,51
2,51
2,51
2,51
2,51
2,51
2,51
2,51
2,51
2,51
2,51
2,51
2,51
2,51
2,51
2,51
2,51
2,51
2,51
2,51
2,51
2,51
2,51
2,51
2,51
2,51
2,51
2,51
2,51
2,51
2,51
2,51
2,51
2,51
2,51
2,51
2,51
2,51
2,51
2,51
2,51
2,51
2,51
2,51
2,51
2,51
2,51
2,51
2,51
2,51
2,51
2,51
2,51
2,51
2,51
2,51
2,51
2,51
2,51
2,51
2,51
2,51
2,51
2,51
2,51
2,51
2,51
2,51
2,51
2,51
2,51
2,51
2,51
2,51
2,51
2,51
2,51
2,51
2,51
2,51
2,51
2,51
2,51
2,51
2,51
2,51
2,51
2,51
2,51
2,51
2,51
2,51
2,51
2,51
2,51
2,51
2,51
2,51
2,51
2,51
2,51
2,51
2,51
2,51
2,51
2,51
2,51
2,51
2,51
2,51
2,51
2,51
2,51
2,51
2,51
2,51
2,51
2,51
2,51
2,51
2,51
2,51
2,51
2,51
2,51
2,51
2,51
2,51
2,51
2,51
2,51
2,51
2,51
2,51
2,51
2,51
2,51
2,51
2,51
2,51
2,51
2,51
2,51
2,51
2,51
2,51
2,51
2,51
2,51
2,51
2,51
2,51
2,51
2,51
2,51
2,51
2,51
2,51
2,51
2,51
2,51
2,51
2,51
2,51
2,51
2,51
2,51
2,51
2,51
2,51
2,51
2,51
2,51
2,51
2,51
2,51
2,51
2,51
2,51
2,51
2,51
2,51
2,51
2,51
2,51
2,51
2,51
2,51
2,51
2,51
2,51
2,51
2,51
2,51
2,51
2,51
2,51
2,51
2,51
2,51
2,51
2,51
2,51
2,51
2,51
2,51
2,51
2,51
2,51
2,51
2,51
2,51
2,51
2,51
2,51
2,51
2,51
2,51
2,51
2,51
2,51
2,51
2,51
2,51
2,51
2,51
2,51
2,51
2,51
2,51
2,51
2,51
2,51
2,51
2,51
2,51
2,51
2,51
2,51
2,51
2,51
2,51
2,51
2,51
2,51
2,51
2,51
2,51
2,51
2,51
2,51
2,51
2,51
2,51
2,51
2,51
2,51
2,51
2,51
2,51
2,51
2,51
2,51
2,51
2,51
2,51
2,51
2,51
2,51
2,51
2,51
2,51
2,51
2,51
2,51
2,51
2,51
2,51
2,51
2,51
2,51
2,51
2,51
2,51
2,51
2,51
2,51
2,51
2,51
2,51
2,51
2,51
2,51
2,51
2,51
2,51
2,51
2,51
2,51
2,51
2,51
2,51
2,51
2,51
2,51
2,51
2,51
2,51
2,51
2,51
2,51
2,51
2,51
2,51
2,51
2,51
2,51
2,51
2,51
2,51
2,51
2,51
2,51
2,51
2,51
2,51
2,51
2,51
2,51
2,51
2,51
2,51
2,51
2,51
2,51
2,51
2,51
2,51
2,51
2,51
2,51
2,51
2,51
2,51
2,51
2,51
2,51
2,51
2,51
2,51
2,51
2,51
2,51
2,51
2,51
2,51
2,51
2,51
2,51
2,51
2,51
2,51
2,51
2,51
2,51
2,51
2,51
2,51
2,51
2,51
2,51
2,51
2,51
2,51
2,51
2,51
2,51
2,51
2,51
2,51
2,51
2,51
2,51
2,51
2,51
2,51
2,51
2,51
2,51
2,51
2,51
2,51
2,51
2,51
2,51
2,51
2,51
2,51
2,51
2,51
2,51
2,51
2,51
2,51
2,51
2,51
2,51
2,51
2,51
2,51
2,51
2,51
2,51
2,51
2,51
2,51
2,51
2,51
2,51
2,51
2,51
2,51
2,51
2,51
2,51
2,51
2,51
2,51
2,51
2,51
2,51
2,51
2,51
2,51
2,51
2,51
2,51
2,51
2,51
2,51
2,51
2,51
2,51
2,51
2,51
2,51
2,51
2,51
2,51
2,51
2,51
2,51
2,51
2,51
2,51
2,51
2,51
2,51
2,51
2,51
2,51
2,51
2,51
2,51
2,51
2,51
2,51
2,51
2,51
2,51
2,51
2,51
2,51
2,51
2,51
2,51
2,51
2,51
2,51
2,51
2,51
2,51
2,51
2,51
2,51
2,51
2,51
2,51
2,51
2,51
2,51
2,51
2,51
2,51
2,51
2,51
2,51
2,51
2,51
2,51
2,51
2,51
2,51
2,51
2,51
2,51
2,51
2,51
2,51
2,51
2,51
2,51
2,51
2,51
2,51
2,51
2,51
2,51
2,51
2,51
2,51
2,51
2,51
2,51
2,51
2,51
2,51
2,51
2,51
2,51
2,51
2,51
2,51
2,51
2,51
2,51
2,51
2,51
2,51
2,51
2,51
2,51
2,51
2,51
2,51
2,51
2,51
2,51
2,51
2,51
2,51
2,51
2,51
2,51
2,51
2,51
2,51
2,51
2,51
2,51
2,51
2,51
2,51
2,51
2,51
2,51
2,51
2,51
2,51
2,51
2,51
2,51
2,51
2,51
2,51
2,51
2,51
2,51
2,51
2,51
2,51
2,51
2,51
2,51
2,51
2,51
2,51
2,51
2,51
2,51
2,51
2,51
2,51
2,51
2,51
2,51
2,51
2,51
2,51
2,51
2,51
2,51
2,51
2,51
2,51
2,51
2,51
2,51
2,51
2,51
2,51
2,51
2,51
2,51
2,51
2,51
2,51
2,51
2,51
2,51
2,51
2,51
2,51
2,51
2,51
2,51
2,51
2,51
2,51
2,51
2,51
2,51
2,51
2,51
2,51
2,51
2,51
2,51
2,51
2,51
2,51
2,51
2,51
2,51
2,51
2,51
2,51
2,51
2,51
2,51
2,51
2,51
2,51
2,51
2,51
2,51
2,51
2,51
2,51
2,51
2,51
2,51
2,51
2,51
2,51
2,51
2,51
2,51
2,51
2,51
2,51
2,51
2,51
2,51
2,51
2,51
2,51
2,51
2,51
2,51
2,51
2,51
2,51
2,51
2,51
2,51
2,51
2,51
2,51
2,51
2,51
2,51
2,51
2,51
2,51
2,51
2,51
2,51
2,51
2,51
2,51
2,51
2,51
2,51
2,51
2,51
2,51
2,51
2,51
2,51
2,51
2,51
2,51
2,51
2,51
2,51
2,51
2,51
2,51
2,51
2,51
2,51
2,51
2,51
2,51
2,51
2,51
2,51
2,51
2,51
2,51
2,51
2,51
2,51
2,51
2,51
2,51
2,51
2,51
2,51
2,51
2,51
2,51
2,51
2,51
2,51
2,51
2,51
2,51
2,51
2,51
2,51
2,51
2,51
2,51
2,51
2,51
2,51
2,51
2,51
2,51
2,51
2,51
2,51
2,51
2,51
2,51
2,51
2,51
2,51
2,51
2,51
2,51
2,51
2,51
2,51
2,51
2,51
2,51
2,51
2,51
2,51
2,51
2,51
2,51
2,51
2,51
2,51
2,51
2,51
2,51
2,51
2,51
2,51
2,51
2,51
2,51
2,51
2,51
2,51
2,51
2,51
2,51
2,51
2,51
2,51
2,51
2,51
2,51
2,51
2,51
2,51
2,51
2,51
2,51
2,51
2,51
2,51
2,51
2,51
2,51
2,51
2,51
2,51
2,51
2,51
2,51
2,51
2,51
2,51
2,51
2,51
2,51
2,51
2,51
2,51
2,51
2,51
2,51
2,51
2,51
2,51
2,51
2,51
2,51
2,51
2,51
2,51
2,51
2,51
2,51
2,51
2,51
2,51
2,51
2,51
2,51
2,51
2,51
2,51
2,51
2,51
2,51
2,51
2,51
2,51
2,51
2,51
2,51
2,51
2,51
2,51
2,51
2,51
2,51
2,51
2,51
2,51
2,51
2,51
2,51
2,51
2,51
2,51
2,51
2,51
2,51
2,51
2,51
2,51
2,51
2,51
2,51
2,51
2,51
2,51
2,51
2,51
2,51
2,51
2,51
2,51
2,51
2,51
2,51
2,51
2,51
2,51
2,51
2,51
2,51
2,51
2,51
2,51
2,51
2,51
2,51
2,51
2,51
2,51
2,51
2,51
2,51
2,51
2,51
2,51
2,51
2,51
2,51
2,51
2,51
2,51
2,51
2,51
2,51
2,51
2,51
2,51
2,51
2,51
2,51
2,51
2,51
2,51
2,51
2,51
2,51
2,51
2,51
2,51
2,51
2,51
2,51
2,51
2,51
2,51
2,51
2,51
2,51
2,51
2,51
2,51
2,51
2,51
2,51
2,51
2,51
2,51
2,51
2,51
2,51
2,51
2,51
2,51
2,51
2,51
2,51
2,51
2,51
2,51
2,51
2,51
2,51
2,51
2,51
2,51
2,51
2,51
2,51
2,51
2,51
2,51
2,51
2,51
2,51
2,51
2,51
2,51
2,51
2,51
2,51
2,51
2,51
2,51
2,51
2,51
2,51
2,51
2,51
2,51
2,51
2,51
2,51
2,51
2,51
2,51
2,51
2,51
2,51
2,51
2,51
2,51
2,51
2,51
2,51
2,51
2,51
2,51
2,51
2,51
2,51
2,51
2,51
2,51
2,51
2,51
2,51
2,51
2,51
2,51
2,51
2,51
2,51
2,51
2,51
2,51
2,51
2,51
2,51
2,51
2,51
2,51
2,51
2,51
2,51
2,51
2,51
2,51
2,51
2,51
2,51
2,51
2,51
2,51
2,51
2,51
2,51
2,51
2,51
2,51
2,51
2,51
2,51
2,51
2,51
2,51
2,51
2,51
2,51
2,51
2,51
2,51
2,51
2,51
2,51
2,51
2,51
2,51
2,51
2,51
2,51
2,51
2,51
2,51
2,51
2,51
2,51
2,51
2,51
2,51
2,51
2,51
2,51
2,51
2,51
2,51
2,51
2,51
2,51
2,51
2,51
2,51
2,51
2,51
2,51
2,51
2,51
2,51
2,51
2,51
2,51
2,51
2,51
2,51
2,51
2,51
2,51
2,51
2,51
2,51
2,51
2,51
2,51
2,51
2,51
2,51
2,51
2,51
2,51
2,51
2,51
2,51
2,51
2,51
2,51
2,51
2,51
2,51
2,51
2,51
2,51
2,51
2,51
2,51
2,51
2,51
2,51
2,51
2,51
2,51
2,51
2,51
2,51
2,51
2,51
2,51
2,51
2,51
2,51
2,51
2,51
2,51
2,51
2,51
2,51
2,51
2,51
2,51
2,51
2,51
2,51
2,51
2,51
2,51
2,51
2,51
2,51
2,51
2,51
2,51
2,51
2,51
2,51
2,51
2,51
2,51
2,51
2,51
2,51
2,51
2,51
2,51
2,51
2,51
2,51
2,51
2,51
2,51
2,51
2,51
2,51
2,51
2,51
2,51
2,51
2,51
2,51
2,51
2,51
2,51
2,51
2,51
2,51
2,51
2,51
2,51
2,51
2,51
2,51
2,51
2,51
2,51
2,51
2,51
2,51
2,51
2,51
2,51
2,51
2,51
2,51
2,51
2,51
2,51
2,51
2,51
2,51
2,51
2,51
2,51
2,51
2,51
2,51
2,51
2,51
2,51
2,51
2,51
2,51
2,51
2,51
2,51
2,51
2,51
2,51
2,51
2,51
2,51
2,51
2,51
2,51
2,51
2,51
2,51
2,51
2,51
2,51
2,51
2,51
2,51
2,51
2,51
2,51
2,51
2,51
2,51
2,51
2,51
2,51
2,51
2,51
2,51
2,51
2,51
2,51
2,51
2,51
2,51
2,51
2,51
2,51
2,51
2,51
2,51
2,51
2,51
2,51
2,51
2,51
2,51
2,51
2,51
2,51
2,51
2,51
2,51
2,51
2,51
2,51
2,51
2,51
2,51
2,51
2,51
2,51
2,51
2,51
2,51
2,51
2,51
2,51
2,51
2,51
2,51
2,51
2,51
2,51
2,51
2,51
2,51
2,51
2,51
2,51
2,51
2,51
2,51
2,51
2,51
2,51
2,51
2,51
2,51
2,51
2,51
2,51
2,51
2,51
2,51
2,51
2,51
2,51
2,51
2,51
2,51
2,51
2,51
2,51
2,51
2,51
2,51
2,51
2,51
2,51
2,51
2,51
2,51
2,51
2,51
2,51
2,51
2,51
2,51
2,51
2,51
2,51
2,51
2,51
2,51
2,51
2,51
2,51
2,51
2,51
2,51
2,51
2,51
2,51
2,51
2,51
2,51
2,51
2,51
2,51
2,51
2,51
2,51
2,51
2,51
2,51
2,51
2,51
2,51
2,51
2,51
2,51
2,51
2,51
2,51
2,51
2,51
2,51
2,51
2,51
2,51
2,51
2,51
2,51
2,51
2,51
2,51
2,51
2,51
2,51
2,51
2,51
2,51
2,51
2,51
2,51
2,51
2,51
2,51
2,51
2,51
2,51
2,51
2,51
2,51
2,51
2,51
2,51
2,51
2,51
2,51
2,51
2,51
2,51
2,51
2,51
2,51
2,51
2,51
2,51
2,51
2,51
2,51
2,51
2,51
2,51
2,51
2,51
2,51
2,51
2,51
2,51
2,51
2,51
2,51
2,51
2,51
2,51
2,51
2,51
2,51
2,51
2,51
2,51
2,51
2,51
2,51
2,51
2,51
2,51
2,51
2,51
2,51
2,51
2,51
2,51
2,51
2,51
2,51
2,51
2,51
2,51
2,51
2,51
2,51
2,51
2,51
2,51
2,51
2,51
2,51
2,51
2,51
2,51
2,51
2,51
2,51
2,51
2,51
2,51
2,51
2,51
2,51
2,51
2,51
2,51
2,51
2,51
2,51
2,51
2,51
2,51
2,51
2,51
2,51
2,51
2,51
2,51
2,51
2,51
2,51
2,51
2,51
2,51
2,51
2,51
2,51
2,51
2,51
2,51
2,51
2,51
2,51
2,51
2,51
2,51
2,51
2,51
2,51
2,51
2,51
2,51
2,51
2,51
2,51
2,51
2,51
2,51
2,51
2,51
2,51
2,51
2,51
2,51
2,51
2,51
2,51
2,51
2,51
2,51
2,51
2,51
2,51
2,51
2,51
2,51
2,51
2,51
2,51
2,51
2,51
2,51
2,51
2,51
2,51
2,51
2,51
2,51
2,51
2,51
2,51
2,51
2,51
2,51
2,51
2,51
2,51
2,51
2,51
2,51
2,52
2,52
2,52
2,52
2,52
2,52
2,52
2,52
2,52
2,52
2,52
2,52
2,52
2,52
2,52
2,52
2,52
2,52
2,52
2,52
2,52
2,52
2,52
2,52
2,52
2,52
2,52
2,52
2,52
2,52
2,52
2,52
2,52
2,52
2,52
2,52
2,52
2,52
2,52
2,52
2,52
2,52
2,52
2,52
2,52
2,52
2,52
2,52
2,52
2,52
2,52
2,52
2,52
2,52
2,52
2,52
2,52
2,52
2,52
2,52
2,52
2,52
2,52
2,52
2,52
2,52
2,52
2,52
2,52
2,52
2,52
2,52
2,52
2,52
2,52
2,52
2,52
2,52
2,52
2,52
2,52
2,52
2,52
2,52
2,52
2,52
2,52
2,52
2,52
2,52
2,52
2,52
2,52
2,52
2,52
2,52
2,52
2,52
2,52
2,52
2,52
2,52
2,52
2,52
2,52
2,52
2,52
2,52
2,52
2,52
2,52
2,52
2,52
2,52
2,52
2,52
2,52
2,52
2,52
2,52
2,52
2,52
2,52
2,52
2,52
2,52
2,52
2,52
2,52
2,52
2,52
2,52
2,52
2,52
2,52
2,52
2,52
2,52
2,52
2,52
2,52
2,52
2,52
2,52
2,52
2,52
2,52
2,52
2,52
2,52
2,52
2,52
2,52
2,52
2,52
2,52
2,52
2,52
2,52
2,52
2,52
2,52
2,52
2,52
2,52
2,52
2,52
2,52
2,52
2,52
2,52
2,52
2,52
2,52
2,52
2,52
2,52
2,52
2,52
2,52
2,52
2,52
2,52
2,52
2,52
2,52
2,52
2,52
2,52
2,52
2,52
2,52
2,52
2,52
2,52
2,52
2,52
2,52
2,52
2,52
2,52
2,52
2,52
2,52
2,52
2,52
2,52
2,52
2,52
2,52
2,52
2,52
2,52
2,52
2,52
2,52
2,52
2,52
2,52
2,52
2,52
2,52
2,52
2,52
2,52
2,52
2,52
2,52
2,52
2,52
2,52
2,52
2,52
2,52
2,52
2,52
2,52
2,52
2,52
2,52
2,52
2,52
2,52
2,52
2,52
2,52
2,52
2,52
2,52
2,52
2,52
2,52
2,52
2,52
2,52
2,52
2,52
2,52
2,52
2,52
2,52
2,52
2,52
2,52
2,52
2,52
2,52
2,52
2,52
2,52
2,52
2,52
2,52
2,52
2,52
2,52
2,52
2,52
2,52
2,52
2,52
2,52
2,52
2,52
2,52
2,52
2,52
2,52
2,52
2,52
2,52
2,52
2,52
2,52
2,52
2,52
2,52
2,52
2,52
2,52
2,52
2,52
2,52
2,52
2,52
2,52
2,52
2,52
2,52
2,52
2,52
2,52
2,52
2,52
2,52
2,52
2,52
2,52
2,52
2,52
2,52
2,52
2,52
2,52
2,52
2,52
2,52
2,52
2,52
2,52
2,52
2,52
2,52
2,52
2,52
2,52
2,52
2,52
2,52
2,52
2,52
2,52
2,52
2,52
2,52
2,52
2,52
2,52
2,52
2,52
2,52
2,52
2,52
2,52
2,52
2,52
2,52
2,52
2,52
2,52
2,52
2,52
2,52
2,52
2,52
2,52
2,52
2,52
2,52
2,52
2,52
2,52
2,52
2,52
2,52
2,52
2,52
2,52
2,52
2,52
2,52
2,52
2,52
2,52
2,52
2,52
2,52
2,52
2,52
2,52
2,52
2,52
2,52
2,52
2,52
2,52
2,52
2,52
2,52
2,52
2,52
2,52
2,52
2,52
2,52
2,52
2,52
2,52
2,52
2,52
2,52
2,52
2,52
2,52
2,52
2,52
2,52
2,52
2,52
2,52
2,52
2,52
2,52
2,52
2,52
2,52
2,52
2,52
2,52
2,52
2,52
2,52
2,52
2,52
2,52
2,52
2,52
2,52
2,52
2,52
2,52
2,52
2,52
2,52
2,52
2,52
2,52
2,52
2,52
2,52
2,52
2,52
2,52
2,52
2,52
2,52
2,52
2,52
2,52
2,52
2,52
2,52
2,52
2,52
2,52
2,52
2,52
2,52
2,52
2,52
2,52
2,52
2,52
2,52
2,52
2,52
2,52
2,52
2,52
2,52
2,52
2,52
2,52
2,52
2,52
2,52
2,52
2,52
2,52
2,52
2,52
2,52
2,52
2,52
2,52
2,52
2,52
2,52
2,52
2,52
2,52
2,52
2,52
2,52
2,52
2,52
2,52
2,52
2,52
2,52
2,52
2,52
2,52
2,52
2,52
2,52
2,52
2,52
2,52
2,52
2,52
2,52
2,52
2,52
2,52
2,52
2,52
2,52
2,52
2,52
2,52
2,52
2,52
2,52
2,52
2,52
2,52
2,52
2,52
2,52
2,52
2,52
2,52
2,52
2,52
2,52
2,52
2,52
2,52
2,52
2,52
2,52
2,52
2,52
2,52
2,52
2,52
2,52
2,52
2,52
2,52
2,52
2,52
2,52
2,52
2,52
2,52
2,52
2,52
2,52
2,52
2,52
2,52
2,52
2,52
2,52
2,52
2,52
2,52
2,52
2,52
2,52
2,52
2,52
2,52
2,52
2,52
2,52
2,52
2,52
2,52
2,52
2,52
2,52
2,52
2,52
2,52
2,52
2,52
2,52
2,52
2,52
2,52
2,52
2,52
2,52
2,52
2,52
2,52
2,52
2,52
2,52
2,52
2,52
2,52
2,52
2,52
2,52
2,52
2,52
2,52
2,52
2,52
2,52
2,52
2,52
2,52
2,52
2,52
2,52
2,52
2,52
2,52
2,52
2,52
2,52
2,52
2,52
2,52
2,52
2,52
2,52
2,52
2,52
2,52
2,52
2,52
2,52
2,52
2,52
2,52
2,52
2,52
2,52
2,52
2,52
2,52
2,52
2,52
2,52
2,52
2,52
2,52
2,52
2,52
2,52
2,52
2,52
2,52
2,52
2,52
2,52
2,52
2,52
2,52
2,52
2,52
2,52
2,52
2,52
2,52
2,52
2,52
2,52
2,52
2,52
2,52
2,52
2,52
2,52
2,52
2,52
2,52
2,52
2,52
2,52
2,52
2,52
2,52
2,52
2,52
2,52
2,52
2,52
2,52
2,52
2,52
2,52
2,52
2,52
2,52
2,52
2,52
2,52
2,52
2,52
2,52
2,52
2,52
2,52
2,52
2,52
2,52
2,52
2,52
2,52
2,52
2,52
2,52
2,52
2,52
2,52
2,52
2,52
2,52
2,52
2,52
2,52
2,52
2,52
2,52
2,52
2,52
2,52
2,52
2,52
2,52
2,52
2,52
2,52
2,52
2,52
2,52
2,52
2,52
2,52
2,52
2,52
2,52
2,52
2,52
2,52
2,52
2,52
2,52
2,52
2,52
2,52
2,52
2,52
2,52
2,52
2,52
2,52
2,52
2,52
2,52
2,52
2,52
2,52
2,52
2,52
2,52
2,52
2,52
2,52
2,52
2,52
2,52
2,52
2,52
2,52
2,52
2,52
2,52
2,52
2,52
2,52
2,52
2,52
2,52
2,52
2,52
2,52
2,52
2,52
2,52
2,52
2,52
2,52
2,52
2,52
2,52
2,52
2,52
2,52
2,52
2,52
2,52
2,52
2,52
2,52
2,52
2,52
2,52
2,52
2,52
2,52
2,52
2,52
2,52
2,52
2,52
2,52
2,52
2,52
2,52
2,52
2,52
2,52
2,52
2,52
2,52
2,52
2,52
2,52
2,52
2,52
2,52
2,52
2,52
2,52
2,52
2,52
2,52
2,52
2,52
2,52
2,52
2,52
2,52
2,52
2,52
2,52
2,52
2,52
2,52
2,52
2,52
2,52
2,52
2,52
2,52
2,52
2,52
2,52
2,52
2,52
2,52
2,52
2,52
2,52
2,52
2,52
2,52
2,52
2,52
2,52
2,52
2,52
2,52
2,52
2,52
2,52
2,52
2,52
2,52
2,52
2,52
2,52
2,52
2,52
2,52
2,52
2,52
2,52
2,52
2,52
2,52
2,52
2,52
2,52
2,52
2,52
2,52
2,52
2,52
2,52
2,52
2,52
2,52
2,52
2,52
2,52
2,52
2,52
2,52
2,52
2,52
2,52
2,52
2,52
2,52
2,52
2,52
2,52
2,52
2,52
2,52
2,52
2,52
2,52
2,52
2,52
2,52
2,52
2,52
2,52
2,52
2,52
2,52
2,52
2,52
2,52
2,52
2,52
2,52
2,52
2,52
2,52
2,52
2,52
2,52
2,52
2,52
2,52
2,52
2,52
2,52
2,52
2,52
2,52
2,52
2,52
2,52
2,52
2,52
2,52
2,52
2,52
2,52
2,52
2,52
2,52
2,52
2,52
2,52
2,52
2,52
2,52
2,52
2,52
2,52
2,52
2,52
2,52
2,52
2,52
2,52
2,52
2,52
2,52
2,52
2,52
2,52
2,52
2,52
2,52
2,52
2,52
2,52
2,52
2,52
2,52
2,52
2,52
2,52
2,52
2,52
2,52
2,52
2,52
2,52
2,52
2,52
2,52
2,52
2,52
2,52
2,52
2,52
2,52
2,52
2,52
2,52
2,52
2,52
2,52
2,52
2,52
2,52
2,52
2,52
2,52
2,52
2,52
2,52
2,52
2,52
2,52
2,52
2,52
2,52
2,52
2,52
2,52
2,52
2,52
2,52
2,52
2,52
2,52
2,52
2,52
2,52
2,52
2,52
2,52
2,52
2,52
2,52
2,52
2,52
2,52
2,52
2,52
2,52
2,52
2,52
2,52
2,52
2,52
2,52
2,52
2,52
2,52
2,52
2,52
2,52
2,52
2,52
2,52
2,52
2,52
2,52
2,52
2,52
2,52
2,52
2,52
2,52
2,52
2,52
2,52
2,52
2,52
2,52
2,52
2,52
2,52
2,52
2,52
2,52
2,52
2,52
2,52
2,52
2,52
2,52
2,52
2,52
2,52
2,52
2,52
2,52
2,52
2,52
2,52
2,52
2,52
2,52
2,52
2,52
2,52
2,52
2,52
2,52
2,52
2,52
2,52
2,52
2,52
2,52
2,52
2,52
2,52
2,52
2,52
2,52
2,52
2,52
2,52
2,52
2,52
2,52
2,52
2,52
2,52
2,52
2,52
2,52
2,52
2,52
2,52
2,52
2,52
2,52
2,52
2,52
2,52
2,52
2,52
2,52
2,52
2,52
2,52
2,52
2,52
2,52
2,52
2,52
2,52
2,52
2,52
2,52
2,52
2,52
2,52
2,52
2,52
2,52
2,52
2,52
2,52
2,52
2,52
2,52
2,52
2,52
2,52
2,52
2,52
2,52
2,52
2,52
2,52
2,52
2,52
2,52
2,52
2,52
2,52
2,52
2,52
2,52
2,52
2,52
2,52
2,52
2,52
2,52
2,52
2,52
2,52
2,52
2,52
2,52
2,52
2,52
2,52
2,52
2,52
2,52
2,52
2,52
2,52
2,52
2,52
2,52
2,52
2,52
2,52
2,52
2,52
2,52
2,52
2,52
2,52
2,52
2,52
2,52
2,52
2,52
2,52
2,52
2,52
2,52
2,52
2,52
2,52
2,52
2,52
2,52
2,52
2,52
2,52
2,52
2,52
2,52
2,52
2,52
2,52
2,52
2,52
2,52
2,52
2,52
2,52
2,52
2,52
2,52
2,52
2,52
2,52
2,52
2,52
2,52
2,52
2,52
2,52
2,52
2,52
2,52
2,52
2,52
2,52
2,52
2,52
2,52
2,52
2,52
2,52
2,52
2,52
2,52
2,52
2,52
2,52
2,52
2,52
2,52
2,52
2,52
2,52
2,52
2,52
2,52
2,52
2,52
2,52
2,52
2,52
2,52
2,52
2,52
2,52
2,52
2,52
2,52
2,52
2,52
2,52
2,52
2,52
2,52
2,52
2,52
2,52
2,52
2,52
2,52
2,52
2,52
2,52
2,52
2,52
2,52
2,52
2,52
2,52
2,52
2,52
2,52
2,52
2,52
2,52
2,52
2,52
2,52
2,52
2,52
2,52
2,52
2,52
2,52
2,52
2,52
2,52
2,52
2,52
2,52
2,52
2,52
2,52
2,52
2,52
2,52
2,52
2,52
2,52
2,52
2,52
2,52
2,52
2,52
2,52
2,52
2,52
2,52
2,52
2,52
2,52
2,52
2,52
2,52
2,52
2,52
2,52
2,52
2,52
2,52
2,52
2,52
2,52
2,52
2,52
2,52
2,52
2,52
2,52
2,52
2,52
2,52
2,52
2,52
2,52
2,52
2,52
2,52
2,52
2,52
2,52
2,52
2,52
2,52
2,52
2,52
2,52
2,52
2,52
2,52
2,52
2,52
2,52
2,52
2,52
2,52
2,52
2,52
2,52
2,52
2,52
2,52
2,52
2,52
2,52
2,52
2,52
2,52
2,52
2,52
2,52
2,52
2,52
2,52
2,52
2,52
2,52
2,52
2,52
2,52
2,52
2,52
2,52
2,52
2,52
2,52
2,52
2,52
2,52
2,52
2,52
2,52
2,52
2,52
2,52
2,52
2,52
2,52
2,52
2,52
2,52
2,52
2,52
2,52
2,52
2,52
2,52
2,52
2,52
2,52
2,52
2,52
2,52
2,52
2,52
2,52
2,52
2,52
2,52
2,52
2,52
2,52
2,52
2,52
2,52
2,52
2,52
2,52
2,52
2,52
2,52
2,52
2,52
2,52
2,52
2,52
2,52
2,52
2,52
2,52
2,52
2,52
2,52
2,52
2,52
2,52
2,52
2,52
2,52
2,52
2,52
2,52
2,52
2,52
2,52
2,52
2,52
2,52
2,52
2,52
2,52
2,52
2,52
2,52
2,52
2,52
2,52
2,52
2,52
2,52
2,52
2,52
2,52
2,52
2,52
2,52
2,52
2,52
2,52
2,52
2,52
2,52
2,52
2,52
2,52
2,52
2,52
2,52
2,52
2,52
2,52
2,52
2,52
2,52
2,52
2,52
2,52
2,52
2,52
2,52
2,52
2,52
2,52
2,52
2,52
2,52
2,52
2,52
2,52
2,52
2,52
2,52
2,52
2,52
2,52
2,52
2,52
2,52
2,52
2,52
2,52
2,52
2,52
2,52
2,52
2,52
2,52
2,52
2,52
2,52
2,52
2,52
2,52
2,52
2,52
2,52
2,52
2,52
2,52
2,52
2,52
2,52
2,52
2,52
2,52
2,52
2,52
2,52
2,52
2,52
2,52
2,52
2,52
2,52
2,52
2,52
2,52
2,52
2,52
2,52
2,52
2,52
2,52
2,52
2,52
2,52
2,52
2,52
2,52
2,52
2,52
2,52
2,52
2,52
2,52
2,52
2,52
2,52
2,52
2,52
2,52
2,52
2,52
2,52
2,52
2,52
2,52
2,52
2,52
2,52
2,52
2,52
2,52
2,52
2,52
2,52
2,52
2,52
2,52
2,52
2,52
2,52
2,52
2,52
2,52
2,52
2,52
2,52
2,52
2,52
2,52
2,52
2,52
2,52
2,52
2,52
2,52
2,52
2,52
2,52
2,52
2,52
2,52
2,52
2,52
2,52
2,52
2,52
2,52
2,52
2,52
2,52
2,52
2,52
2,52
2,52
2,52
2,52
2,52
2,52
2,52
2,52
2,52
2,52
2,52
2,52
2,52
2,52
2,52
2,52
2,52
2,52
2,52
2,52
2,52
2,52
2,52
2,52
2,52
2,52
2,52
2,52
2,52
2,52
2,52
2,52
2,52
2,52
2,52
2,52
2,52
2,52
2,52
2,52
2,52
2,52
2,52
2,52
2,52
2,52
2,52
2,52
2,52
2,52
2,52
2,52
2,52
2,52
2,52
2,52
2,52
2,52
2,52
2,52
2,52
2,52
2,52
2,52
2,52
2,52
2,52
2,52
2,52
2,52
2,52
2,52
2,52
2,52
2,52
2,52
2,52
2,52
2,52
2,52
2,52
2,52
2,52
2,52
2,52
2,52
2,52
2,52
2,52
2,52
2,52
2,52
2,52
2,52
2,52
2,52
2,52
2,52
2,52
2,52
2,52
2,52
2,52
2,52
2,52
2,52
2,52
2,52
2,52
2,52
2,52
2,52
2,52
2,52
2,52
2,52
2,52
2,52
2,52
2,52
2,52
2,52
2,52
2,52
2,52
2,52
2,52
2,52
2,52
2,52
2,52
2,52
2,52
2,52
2,52
2,52
2,52
2,52
2,52
2,52
2,52
2,52
2,52
2,52
2,52
2,52
2,52
2,52
2,52
2,52
2,52
2,52
2,52
2,52
2,52
2,52
2,52
2,52
2,52
2,52
2,52
2,52
2,52
2,52
2,52
2,52
2,52
2,52
2,52
2,52
2,52
2,52
2,52
2,52
2,52
2,52
2,52
2,52
2,52
2,52
2,52
2,52
2,52
2,52
2,52
2,52
2,52
2,52
2,52
2,52
2,52
2,52
2,52
2,52
2,52
2,52
2,52
2,52
2,52
2,52
2,52
2,52
2,52
2,52
2,52
2,52
2,52
2,52
2,52
2,52
2,52
2,52
2,52
2,52
2,52
2,52
2,52
2,52
2,52
2,52
2,52
2,52
2,52
2,52
2,52
2,52
2,52
2,52
2,52
2,52
2,52
2,52
2,52
2,52
2,52
2,52
2,52
2,52
2,52
2,52
2,52
2,52
2,52
2,52
2,52
2,52
2,52
2,52
2,52
2,52
2,52
2,52
2,52
2,52
2,52
2,52
2,52
2,52
2,52
2,52
2,52
2,52
2,52
2,52
2,52
2,52
2,52
2,52
2,52
2,52
2,52
2,52
2,52
2,52
2,52
2,52
2,52
2,52
2,52
2,52
2,52
2,52
2,52
2,52
2,52
2,52
2,52
2,52
2,52
2,52
2,52
2,52
2,52
2,52
2,52
2,52
2,52
2,52
2,52
2,52
2,52
2,52
2,52
2,52
2,52
2,52
2,52
2,52
2,52
2,52
2,52
2,52
2,52
2,52
2,52
2,52
2,52
2,52
2,52
2,52
2,52
2,52
2,52
2,52
2,52
2,52
2,52
2,52
2,52
2,52
2,52
2,52
2,52
2,52
2,52
2,52
2,52
2,52
2,52
2,52
2,52
2,52
2,52
2,52
2,52
2,52
2,52
2,52
2,52
2,52
2,52
2,52
2,52
2,52
2,52
2,52
2,52
2,52
2,52
2,52
2,52
2,52
2,52
2,52
2,52
2,52
2,52
2,52
2,52
2,52
2,52
2,52
2,52
2,52
2,52
2,52
2,52
2,52
2,52
2,52
2,52
2,52
2,52
2,52
2,52
2,52
2,52
2,52
2,52
2,52
2,52
2,52
2,52
2,52
2,52
2,52
2,52
2,52
2,52
2,52
2,52
2,52
2,52
2,52
2,52
2,52
2,52
2,52
2,52
2,52
2,52
2,52
2,52
2,52
2,52
2,52
2,52
2,52
2,52
2,52
2,52
2,52
2,52
2,52
2,52
2,52
2,52
2,52
2,52
2,52
2,52
2,52
2,52
2,52
2,52
2,52
2,52
2,52
2,52
2,52
2,52
2,52
2,52
2,52
2,52
2,52
2,52
2,52
2,52
2,52
2,52
2,52
2,52
2,52
2,52
2,52
2,52
2,52
2,52
2,52
2,52
2,52
2,52
2,52
2,52
2,52
2,52
2,52
2,52
2,52
2,52
2,52
2,52
2,52
2,52
2,52
2,52
2,52
2,52
2,52
2,52
2,52
2,52
2,52
2,52
2,52
2,52
2,52
2,52
2,52
2,52
2,52
2,52
2,52
2,52
2,52
2,52
2,52
2,52
2,52
2,52
2,52
2,52
2,52
2,52
2,52
2,52
2,52
2,52
2,52
2,52
2,52
2,52
2,52
2,52
2,52
2,52
2,52
2,52
2,52
2,52
2,52
2,52
2,52
2,52
2,52
2,52
2,52
2,52
2,52
2,52
2,52
2,52
2,52
2,52
2,52
2,52
2,52
2,52
2,52
2,52
2,52
2,52
2,52
2,52
2,52
2,52
2,52
2,52
2,52
2,52
2,52
2,52
2,52
2,52
2,52
2,52
2,52
2,52
2,52
2,52
2,52
2,52
2,52
2,52
2,52
2,52
2,52
2,52
2,52
2,52
2,52
2,52
2,52
2,52
2,52
2,52
2,52
2,52
2,52
2,52
2,52
2,52
2,52
2,52
2,52
2,52
2,52
2,52
2,52
2,52
2,52
2,52
2,52
2,52
2,52
2,52
2,52
2,52
2,52
2,52
2,52
2,52
2,52
2,52
2,52
2,52
2,52
2,52
2,52
2,52
2,52
2,52
2,52
2,52
2,52
2,52
2,52
2,52
2,52
2,52
2,52
2,52
2,52
2,52
2,52
2,52
2,52
2,52
2,52
2,52
2,52
2,52
2,52
2,52
2,52
2,52
2,52
2,52
2,52
2,52
2,52
2,52
2,52
2,52
2,52
2,52
2,52
2,52
2,52
2,52
2,52
2,52
2,52
2,52
2,52
2,52
2,52
2,52
2,52
2,52
2,52
2,52
2,52
2,52
2,52
2,52
2,52
2,52
2,52
2,52
2,52
2,52
2,52
2,52
2,52
2,52
2,52
2,52
2,52
2,52
2,52
2,52
2,52
2,52
2,52
2,52
2,52
2,52
2,52
2,52
2,52
2,52
2,52
2,52
2,52
2,52
2,52
2,52
2,52
2,52
2,52
2,52
2,52
2,52
2,52
2,52
2,52
2,52
2,52
2,52
2,52
2,52
2,52
2,52
2,52
2,52
2,52
2,52
2,52
2,52
2,52
2,52
2,52
2,52
2,52
2,52
2,52
2,52
2,52
2,52
2,52
2,52
2,52
2,52
2,52
2,52
2,52
2,52
2,52
2,52
2,52
2,52
2,52
2,52
2,52
2,52
2,52
2,52
2,52
2,52
2,52
2,52
2,52
2,52
2,52
2,52
2,52
2,52
2,52
2,52
2,52
2,52
2,52
2,52
2,52
2,52
2,52
2,52
2,52
2,52
2,52
2,52
2,52
2,52
2,52
2,52
2,52
2,52
2,52
2,52
2,52
2,52
2,52
2,52
2,52
2,52
2,52
2,52
2,52
2,52
2,52
2,52
2,52
2,52
2,52
2,52
2,52
2,52
2,52
2,52
2,52
2,52
2,52
2,52
2,52
2,52
2,52
2,52
2,52
2,52
2,52
2,52
2,52
2,52
2,52
2,52
2,52
2,52
2,52
2,52
2,52
2,52
2,52
2,52
2,52
2,52
2,52
2,52
2,52
2,52
2,52
2,52
2,52
2,52
2,52
2,52
2,52
2,52
2,52
2,52
2,52
2,52
2,52
2,52
2,52
2,52
2,52
2,52
2,52
2,52
2,52
2,52
2,52
2,52
2,52
2,52
2,52
2,52
2,52
2,52
2,52
2,52
2,52
2,52
2,52
2,52
2,52
2,52
2,52
2,52
2,52
2,52
2,52
2,52
2,52
2,52
2,52
2,52
2,52
2,52
2,52
2,52
2,52
2,52
2,52
2,52
2,52
2,52
2,52
2,52
2,52
2,52
2,52
2,52
2,52
2,52
2,52
2,52
2,52
2,52
2,52
2,52
2,52
2,52
2,52
2,52
2,52
2,52
2,52
2,52
2,52
2,52
2,52
2,52
2,52
2,52
2,52
2,52
2,52
2,52
2,52
2,52
2,52
2,52
2,52
2,52
2,52
2,52
2,52
2,52
2,52
2,52
2,52
2,52
2,52
2,52
2,52
2,52
2,52
2,52
2,52
2,52
2,52
2,52
2,52
2,52
2,52
2,52
2,52
2,52
2,52
2,52
2,52
2,52
2,52
2,52
2,52
2,52
2,52
2,52
2,52
2,52
2,52
2,52
2,52
2,52
2,52
2,52
2,52
2,52
2,52
2,52
2,52
2,52
2,52
2,52
2,52
2,52
2,52
2,52
2,52
2,52
2,52
2,52
2,52
2,52
2,52
2,52
2,52
2,52
2,52
2,52
2,52
2,52
2,52
2,52
2,52
2,52
2,52
2,52
2,52
2,52
2,52
2,52
2,52
2,52
2,52
2,52
2,52
2,52
2,52
2,52
2,52
2,52
2,52
2,52
2,52
2,52
2,52
2,52
2,52
2,52
2,52
2,52
2,52
2,52
2,52
2,52
2,52
2,52
2,52
2,52
2,52
2,52
2,52
2,52
2,52
2,52
2,52
2,52
2,52
2,52
2,52
2,52
2,52
2,52
2,52
2,52
2,52
2,52
2,52
2,52
2,52
2,52
2,52
2,52
2,52
2,52
2,52
2,52
2,52
2,52
2,52
2,52
2,52
2,52
2,52
2,52
2,52
2,52
2,52
2,52
2,52
2,52
2,52
2,52
2,52
2,52
2,52
2,52
2,52
2,52
2,52
2,52
2,52
2,52
2,52
2,52
2,52
2,52
2,52
2,52
2,52
2,52
2,52
2,52
2,52
2,52
2,52
2,52
2,52
2,52
2,52
2,52
2,52
2,52
2,52
2,52
2,52
2,52
2,52
2,52
2,52
2,52
2,52
2,52
2,52
2,52
2,52
2,52
2,52
2,52
2,52
2,52
2,52
2,52
2,52
2,52
2,52
2,52
2,52
2,52
2,52
2,52
2,52
2,52
2,52
2,52
2,52
2,52
2,52
2,52
2,52
2,52
2,52
2,52
2,52
2,52
2,52
2,52
2,52
2,52
2,52
2,52
2,52
2,52
2,52
2,52
2,52
2,52
2,52
2,52
2,52
2,52
2,52
2,52
2,52
2,52
2,52
2,52
2,52
2,52
2,52
2,52
2,52
2,52
2,52
2,52
2,52
2,52
2,52
2,52
2,52
2,52
2,52
2,52
2,52
2,52
2,52
2,52
2,52
2,52
2,52
2,52
2,52
2,52
2,52
2,52
2,52
2,52
2,52
2,52
2,52
2,52
2,52
2,52
2,52
2,52
2,52
2,52
2,52
2,52
2,52
2,52
2,52
2,52
2,52
2,52
2,52
2,52
2,52
2,52
2,52
2,52
2,52
2,52
2,52
2,52
2,52
2,52
2,52
2,52
2,52
2,52
2,52
2,52
2,52
2,52
2,52
2,52
2,52
2,52
2,52
2,52
2,52
2,52
2,52
2,52
2,52
2,52
2,52
2,52
2,52
2,52
2,52
2,52
2,52
2,52
2,52
2,52
2,52
2,52
2,52
2,52
2,52
2,52
2,52
2,52
2,52
2,52
2,52
2,52
2,52
2,52
2,52
2,52
2,52
2,52
2,52
2,52
2,52
2,52
2,52
2,52
2,52
2,52
2,52
2,52
2,52
2,52
2,52
2,52
2,52
2,52
2,52
2,52
2,52
2,52
2,52
2,52
2,52
2,52
2,52
2,52
2,52
2,52
2,52
2,52
2,52
2,52
2,52
2,52
2,52
2,52
2,52
2,52
2,52
2,52
2,52
2,52
2,52
2,52
2,52
2,52
2,52
2,52
2,52
2,52
2,52
2,52
2,52
2,52
2,52
2,52
2,52
2,52
2,52
2,52
2,52
2,52
2,52
2,52
2,52
2,52
2,52
2,52
2,52
2,52
2,52
2,52
2,52
2,52
2,52
2,52
2,52
2,52
2,52
2,52
2,52
2,52
2,52
2,52
2,52
2,52
2,52
2,52
2,52
2,52
2,52
2,52
2,52
2,52
2,52
2,52
2,52
2,52
2,52
2,52
2,52
2,52
2,52
2,52
2,52
2,52
2,52
2,52
2,52
2,52
2,52
2,52
2,52
2,52
2,52
2,52
2,52
2,52
2,52
2,52
2,52
2,52
2,52
2,52
2,52
2,52
2,52
2,52
2,52
2,52
2,52
2,52
2,52
2,52
2,52
2,52
2,52
2,52
2,52
2,52
2,52
2,52
2,52
2,52
2,52
2,52
2,52
2,52
2,52
2,52
2,52
2,52
2,52
2,52
2,52
2,52
2,52
2,52
2,52
2,52
2,52
2,52
2,52
2,52
2,52
2,52
2,52
2,52
2,52
2,52
2,52
2,52
2,52
2,52
2,52
2,52
2,52
2,52
2,52
2,52
2,52
2,52
2,52
2,52
2,52
2,52
2,52
2,52
2,52
2,52
2,52
2,52
2,52
2,52
2,52
2,52
2,52
2,52
2,52
2,52
2,52
2,52
2,52
2,52
2,52
2,52
2,52
2,52
2,52
2,52
2,52
2,52
2,52
2,52
2,52
2,52
2,52
2,52
2,52
2,52
2,52
2,52
2,52
2,52
2,52
2,52
2,52
2,52
2,52
2,52
2,52
2,52
2,52
2,52
2,52
2,52
2,52
2,52
2,52
2,52
2,52
2,52
2,52
2,52
2,52
2,52
2,52
2,52
2,52
2,52
2,52
2,52
2,52
2,52
2,52
2,52
2,52
2,52
2,52
2,52
2,52
2,52
2,52
2,52
2,52
2,52
2,52
2,52
2,52
2,52
2,52
2,52
2,52
2,52
2,52
2,52
2,52
2,52
2,52
2,52
2,52
2,52
2,52
2,52
2,52
2,52
2,52
2,52
2,52
2,52
2,52
2,52
2,52
2,52
2,52
2,52
2,52
2,52
2,52
2,52
2,52
2,52
2,52
2,52
2,52
2,52
2,52
2,52
2,52
2,52
2,52
2,52
2,52
2,52
2,52
2,52
2,52
2,52
2,52
2,52
2,52
2,52
2,52
2,52
2,52
2,52
2,52
2,52
2,52
2,52
2,52
2,52
2,52
2,52
2,52
2,52
2,52
2,52
2,52
2,52
2,52
2,52
2,52
2,52
2,52
2,52
2,52
2,52
2,52
2,52
2,52
2,52
2,52
2,52
2,52
2,52
2,52
2,52
2,52
2,52
2,52
2,52
2,52
2,52
2,52
2,52
2,52
2,52
2,52
2,52
2,52
2,52
2,52
2,52
2,52
2,52
2,52
2,52
2,52
2,52
2,52
2,52
2,52
2,52
2,52
2,52
2,52
2,52
2,52
2,52
2,52
2,52
2,52
2,52
2,52
2,52
2,52
2,52
2,52
2,52
2,52
2,52
2,52
2,52
2,52
2,52
2,52
2,52
2,52
2,52
2,52
2,52
2,52
2,52
2,52
2,52
2,52
2,52
2,52
2,52
2,52
2,52
2,52
2,52
2,52
2,52
2,52
2,52
2,52
2,52
2,52
2,52
2,52
2,52
2,52
2,52
2,52
2,52
2,52
2,52
2,52
2,52
2,52
2,52
2,52
2,52
2,52
2,52
2,52
2,52
2,52
2,52
2,52
2,52
2,52
2,52
2,52
2,52
2,52
2,52
2,52
2,52
2,52
2,52
2,52
2,52
2,52
2,52
2,52
2,52
2,52
2,52
2,52
2,52
2,52
2,52
2,52
2,52
2,52
2,52
2,52
2,52
2,52
2,52
2,52
2,52
2,52
2,52
2,52
2,52
2,52
2,52
2,52
2,52
2,52
2,52
2,52
2,52
2,52
2,52
2,52
2,52
2,52
2,52
2,52
2,52
2,52
2,52
2,52
2,52
2,52
2,52
2,52
2,52
2,52
2,52
2,52
2,52
2,52
2,52
2,52
2,52
2,52
2,52
2,52
2,52
2,52
2,52
2,52
2,52
2,52
2,52
2,52
2,52
2,52
2,52
2,52
2,52
2,52
2,52
2,52
2,52
2,52
2,52
2,52
2,52
2,52
2,52
2,52
2,52
2,52
2,52
2,52
2,52
2,52
2,52
2,52
2,52
2,52
2,52
2,52
2,52
2,52
2,52
2,52
2,52
2,52
2,52
2,52
2,52
2,52
2,52
2,52
2,52
2,52
2,52
2,52
2,52
2,52
2,52
2,52
2,52
2,52
2,52
2,52
2,52
2,52
2,52
2,52
2,52
2,52
2,52
2,52
2,52
2,52
2,52
2,52
2,52
2,52
2,52
2,52
2,52
2,52
2,52
2,52
2,52
2,52
2,52
2,52
2,52
2,52
2,52
2,52
2,52
2,52
2,52
2,52
2,52
2,52
2,52
2,52
2,52
2,52
2,52
2,52
2,52
2,52
2,52
2,52
2,52
2,52
2,52
2,52
2,52
2,52
2,52
2,52
2,52
2,52
2,52
2,52
2,52
2,52
2,52
2,52
2,52
2,52
2,52
2,52
2,52
2,52
2,52
2,52
2,52
2,52
2,52
2,52
2,52
2,52
2,52
2,52
2,52
2,52
2,52
2,52
2,52
2,52
2,52
2,52
2,52
2,52
2,52
2,52
2,52
2,52
2,52
2,52
2,52
2,52
2,52
2,52
2,52
2,52
2,52
2,52
2,52
2,52
2,52
2,52
2,52
2,52
2,52
2,52
2,52
2,52
2,52
2,52
2,52
2,52
2,52
2,52
2,52
2,52
2,52
2,52
2,52
2,52
2,52
2,52
2,52
2,52
2,52
2,52
2,52
2,52
2,52
2,52
2,52
2,52
2,52
2,52
2,52
2,52
2,52
2,52
2,52
2,52
2,52
2,52
2,52
2,52
2,52
2,52
2,52
2,52
2,52
2,52
2,52
2,52
2,52
2,52
2,52
2,52
2,52
2,52
2,52
2,52
2,52
2,52
2,52
2,52
2,52
2,52
2,52
2,52
2,52
2,52
2,52
2,52
2,52
2,52
2,52
2,52
2,52
2,52
2,52
2,52
2,52
2,52
2,52
2,52
2,52
2,52
2,52
2,52
2,52
2,52
2,52
2,52
2,52
2,52
2,52
2,52
2,52
2,52
2,52
2,52
2,52
2,52
2,52
2,52
2,52
2,52
2,52
2,52
2,52
2,52
2,52
2,52
2,52
2,52
2,52
2,52
2,52
2,52
2,52
2,52
2,52
2,52
2,52
2,52
2,52
2,52
2,52
2,52
2,52
2,52
2,52
2,52
2,52
2,52
2,52
2,52
2,52
2,52
2,52
2,52
2,52
2,52
2,52
2,52
2,52
2,52
2,52
2,52
2,52
2,52
2,52
2,52
2,52
2,52
2,52
2,52
2,52
2,52
2,52
2,52
2,52
2,52
2,52
2,52
2,52
2,52
2,52
2,52
2,52
2,52
2,52
2,52
2,52
2,52
2,52
2,52
2,52
2,52
2,52
2,52
2,52
2,52
2,52
2,52
2,52
2,52
2,52
2,52
2,52
2,52
2,52
2,52
2,52
2,52
2,52
2,52
2,52
2,52
2,52
2,52
2,52
2,52
2,52
2,52
2,52
2,52
2,52
2,52
2,52
2,52
2,52
2,52
2,52
2,52
2,52
2,52
2,52
2,52
2,52
2,52
2,52
2,52
2,52
2,52
2,52
2,52
2,52
2,52
2,52
2,52
2,52
2,52
2,52
2,52
2,52
2,52
2,52
2,52
2,52
2,52
2,52
2,52
2,52
2,52
2,52
2,52
2,52
2,52
2,52
2,52
2,52
2,52
2,52
2,52
2,52
2,52
2,52
2,52
2,52
2,52
2,52
2,52
2,52
2,52
2,52
2,52
2,52
2,52
2,52
2,52
2,52
2,52
2,52
2,52
2,52
2,52
2,52
2,52
2,52
2,52
2,52
2,52
2,52
2,52
2,52
2,52
2,52
2,52
2,52
2,52
2,52
2,52
2,52
2,52
2,52
2,52
2,52
2,52
2,52
2,52
2,52
2,52
2,52
2,52
2,52
2,52
2,52
2,52
2,52
2,52
2,52
2,52
2,52
2,52
2,52
2,52
2,52
2,52
2,52
2,52
2,52
2,52
2,52
2,52
2,52
2,52
2,52
2,52
2,52
2,52
2,52
2,52
2,52
2,52
2,52
2,52
2,52
2,52
2,52
2,52
2,52
2,52
2,52
2,52
2,52
2,52
2,52
2,52
2,52
2,52
2,52
2,52
2,52
2,52
2,52
2,52
2,52
2,52
2,52
2,52
2,52
2,52
2,52
2,52
2,52
2,52
2,52
2,52
2,52
2,52
2,52
2,52
2,52
2,52
2,52
2,52
2,52
2,52
2,52
2,52
2,52
2,52
2,52
2,52
2,52
2,52
2,52
2,52
2,52
2,52
2,52
2,52
2,52
2,52
2,52
2,52
2,52
2,52
2,52
2,52
2,52
2,52
2,52
2,52
2,52
2,52
2,52
2,52
2,52
2,52
2,52
2,52
2,52
2,52
2,52
2,52
2,52
2,52
2,52
2,52
2,52
2,52
2,52
2,52
2,52
2,52
2,52
2,52
2,52
2,52
2,52
2,52
2,52
2,52
2,52
2,52
2,52
2,52
2,52
2,52
2,52
2,52
2,52
2,52
2,52
2,52
2,52
2,52
2,52
2,52
2,52
2,52
2,52
2,52
2,52
2,52
2,52
2,52
2,52
2,52
2,52
2,52
2,52
2,52
2,52
2,52
2,52
2,52
2,52
2,52
2,52
2,52
2,52
2,52
2,52
2,52
2,52
2,52
2,52
2,52
2,52
2,52
2,52
2,52
2,52
2,52
2,52
2,52
2,52
2,52
2,52
2,52
2,52
2,52
2,52
2,52
2,52
2,52
2,52
2,52
2,52
2,52
2,52
2,52
2,52
2,52
2,52
2,52
2,52
2,52
2,52
2,52
2,52
2,52
2,52
2,52
2,52
2,52
2,52
2,52
2,52
2,52
2,52
2,52
2,52
2,52
2,52
2,52
2,52
2,52
2,52
2,52
2,52
2,52
2,52
2,52
2,52
2,52
2,52
2,52
2,52
2,52
2,52
2,52
2,52
2,52
2,52
2,52
2,52
2,52
2,52
2,52
2,52
2,52
2,52
2,52
2,52
2,52
2,52
2,52
2,52
2,52
2,52
2,52
2,52
2,52
2,52
2,52
2,52
2,52
2,52
2,52
2,52
2,52
2,52
2,52
2,52
2,52
2,52
2,52
2,52
2,52
2,52
2,52
2,52
2,52
2,52
2,52
2,52
2,52
2,52
2,52
2,52
2,52
2,52
2,52
2,52
2,52
2,52
2,52
2,52
2,52
2,52
2,52
2,52
2,52
2,52
2,52
2,52
2,52
2,52
2,52
2,52
2,52
2,52
2,52
2,52
2,52
2,52
2,52
2,52
2,52
2,52
2,52
2,52
2,52
2,52
2,52
2,52
2,52
2,52
2,52
2,52
2,52
2,52
2,52
2,52
2,52
2,52
2,52
2,52
2,52
2,52
2,52
2,52
2,52
2,52
2,52
2,52
2,52
2,52
2,52
2,52
2,52
2,52
2,52
2,52
2,52
2,52
2,52
2,52
2,52
2,52
2,52
2,52
2,52
2,52
2,52
2,52
2,52
2,52
2,52
2,52
2,52
2,52
2,52
2,52
2,52
2,52
2,52
2,52
2,52
2,52
2,52
2,52
2,52
2,52
2,52
2,52
2,52
2,52
2,52
2,52
2,52
2,52
2,52
2,52
2,52
2,52
2,52
2,52
2,52
2,52
2,52
2,52
2,52
2,52
2,52
2,52
2,52
2,52
2,52
2,52
2,52
2,52
2,52
2,52
2,52
2,52
2,52
2,52
2,52
2,52
2,52
2,52
2,52
2,52
2,52
2,52
2,52
2,52
2,52
2,52
2,52
2,52
2,52
2,52
2,52
2,52
2,52
2,52
2,52
2,52
2,52
2,52
2,52
2,52
2,52
2,52
2,52
2,52
2,52
2,52
2,52
2,52
2,52
2,52
2,52
2,52
2,52
2,52
2,52
2,52
2,52
2,52
2,52
2,52
2,52
2,52
2,52
2,52
2,52
2,52
2,52
2,52
2,52
2,52
2,52
2,52
2,52
2,52
2,52
2,52
2,52
2,52
2,52
2,52
2,52
2,52
2,52
2,52
2,52
2,52
2,52
2,52
2,52
2,52
2,52
2,52
2,52
2,52
2,52
2,52
2,52
2,52
2,52
2,52
2,52
2,52
2,52
2,52
2,52
2,52
2,52
2,52
2,52
2,52
2,52
2,52
2,52
2,52
2,52
2,52
2,52
2,52
2,52
2,52
2,52
2,52
2,52
2,52
2,52
2,52
2,52
2,52
2,52
2,52
2,52
2,52
2,52
2,52
2,52
2,52
2,52
2,52
2,52
2,52
2,52
2,52
2,52
2,52
2,52
2,52
2,52
2,52
2,52
2,52
2,52
2,52
2,52
2,52
2,52
2,52
2,52
2,52
2,52
2,52
2,52
2,52
2,52
2,52
2,52
2,52
2,52
2,52
2,52
2,52
2,52
2,52
2,52
2,52
2,52
2,52
2,52
2,52
2,52
2,52
2,52
2,52
2,52
2,52
2,52
2,52
2,52
2,52
2,52
2,52
2,52
2,52
2,52
2,52
2,52
2,52
2,52
2,52
2,52
2,52
2,52
2,52
2,52
2,52
2,52
2,52
2,52
2,52
2,52
2,52
2,52
2,52
2,52
2,52
2,52
2,52
2,52
2,52
2,52
2,52
2,52
2,52
2,52
2,52
2,52
2,52
2,52
2,52
2,52
2,52
2,52
2,52
2,52
2,52
2,52
2,52
2,52
2,52
2,52
2,52
2,52
2,52
2,52
2,52
2,52
2,52
2,52
2,52
2,52
2,52
2,52
2,52
2,52
2,52
2,52
2,52
2,52
2,52
2,52
2,52
2,52
2,52
2,52
2,52
2,52
2,52
2,52
2,52
2,52
2,52
2,52
2,52
2,52
2,52
2,52
2,52
2,52
2,52
2,52
2,52
2,52
2,52
2,52
2,52
2,52
2,52
2,52
2,52
2,52
2,52
2,52
2,52
2,52
2,52
2,52
2,52
2,52
2,52
2,52
2,52
2,52
2,52
2,52
2,52
2,52
2,52
2,52
2,52
2,52
2,52
2,52
2,52
2,52
2,52
2,52
2,52
2,52
2,52
2,52
2,52
2,52
2,52
2,52
2,52
2,52
2,52
2,52
2,52
2,52
2,52
2,52
2,52
2,52
2,52
2,52
2,52
2,52
2,52
2,52
2,52
2,52
2,52
2,52
2,52
2,52
2,52
2,52
2,52
2,52
2,52
2,52
2,52
2,52
2,52
2,52
2,52
2,52
2,52
2,52
2,52
2,52
2,52
2,52
2,52
2,52
2,52
2,52
2,52
2,52
2,52
2,52
2,52
2,52
2,52
2,52
2,52
2,52
2,52
2,52
2,52
2,52
2,52
2,52
2,52
2,52
2,52
2,52
2,52
2,52
2,52
2,52
2,52
2,52
2,52
2,52
2,52
2,52
2,52
2,52
2,52
2,52
2,52
2,52
2,52
2,52
2,52
2,52
2,52
2,52
2,52
2,52
2,52
2,52
2,52
2,52
2,52
2,52
2,52
2,52
2,52
2,52
2,52
2,52
2,52
2,52
2,52
2,52
2,52
2,52
2,52
2,52
2,52
2,52
2,52
2,52
2,52
2,52
2,52
2,52
2,52
2,52
2,52
2,52
2,52
2,52
2,52
2,52
2,52
2,52
2,52
2,52
2,52
2,52
2,52
2,52
2,52
2,52
2,52
2,52
2,52
2,52
2,52
2,52
2,52
2,52
2,52
2,52
2,52
2,52
2,52
2,52
2,52
2,52
2,52
2,52
2,52
2,52
2,52
2,52
2,52
2,52
2,52
2,52
2,52
2,52
2,52
2,52
2,52
2,52
2,52
2,52
2,52
2,52
2,52
2,52
2,52
2,52
2,52
2,52
2,52
2,52
2,52
2,52
2,52
2,52
2,52
2,52
2,52
2,52
2,52
2,52
2,52
2,52
2,52
2,52
2,52
2,52
2,52
2,52
2,52
2,52
2,52
2,52
2,52
2,52
2,52
2,52
2,52
2,52
2,52
2,52
2,52
2,52
2,52
2,52
2,52
2,52
2,52
2,52
2,52
2,52
2,52
2,52
2,52
2,52
2,52
2,52
2,52
2,52
2,52
2,52
2,52
2,52
2,52
2,52
2,52
2,52
2,52
2,52
2,52
2,52
2,52
2,52
2,52
2,52
2,52
2,52
2,52
2,52
2,52
2,52
2,52
2,52
2,52
2,52
2,52
2,52
2,52
2,52
2,52
2,52
2,52
2,52
2,52
2,52
2,52
2,52
2,52
2,52
2,52
2,52
2,52
2,52
2,52
2,52
2,52
2,52
2,52
2,52
2,52
2,52
2,52
2,52
2,52
2,52
2,52
2,52
2,52
2,52
2,52
2,52
2,52
2,52
2,52
2,52
2,52
2,52
2,52
2,52
2,52
2,52
2,52
2,52
2,52
2,52
2,52
2,52
2,52
2,52
2,52
2,52
2,52
2,52
2,52
2,52
2,52
2,52
2,52
2,52
2,52
2,52
2,52
2,52
2,52
2,52
2,52
2,52
2,52
2,52
2,52
2,52
2,52
2,52
2,52
2,52
2,52
2,52
2,52
2,52
2,52
2,52
2,52
2,52
2,52
2,52
2,52
2,52
2,52
2,52
2,52
2,52
2,52
2,52
2,52
2,52
2,52
2,52
2,52
2,52
2,52
2,52
2,52
2,52
2,52
2,52
2,52
2,52
2,52
2,52
2,52
2,52
2,52
2,52
2,52
2,52
2,52
2,52
2,52
2,52
2,52
2,52
2,52
2,52
2,52
2,52
2,52
2,52
2,52
2,52
2,52
2,52
2,52
2,52
2,52
2,52
2,52
2,52
2,52
2,52
2,52
2,52
2,52
2,52
2,52
2,52
2,52
2,52
2,52
2,52
2,52
2,52
2,52
2,52
2,52
2,52
2,52
2,52
2,52
2,52
2,52
2,52
2,52
2,52
2,52
2,52
2,52
2,52
2,52
2,52
2,52
2,52
2,52
2,52
2,52
2,52
2,52
2,52
2,52
2,52
2,52
2,52
2,52
2,52
2,52
2,52
2,52
2,52
2,52
2,52
2,52
2,52
2,52
2,52
2,52
2,52
2,52
2,52
2,52
2,52
2,52
2,52
2,52
2,52
2,52
2,52
2,52
2,52
2,52
2,52
2,52
2,52
2,52
2,52
2,52
2,52
2,52
2,52
2,52
2,52
2,52
2,52
2,52
2,52
2,52
2,52
2,52
2,52
2,52
2,52
2,52
2,52
2,52
2,52
2,52
2,52
2,52
2,52
2,52
2,52
2,52
2,52
2,52
2,52
2,52
2,52
2,52
2,52
2,52
2,52
2,52
2,52
2,52
2,52
2,52
2,52
2,52
2,52
2,52
2,52
2,52
2,52
2,52
2,52
2,52
2,52
2,52
2,52
2,52
2,52
2,52
2,52
2,52
2,52
2,52
2,52
2,52
2,52
2,52
2,53
2,53
2,53
2,53
2,53
2,53
2,53
2,53
2,53
2,53
2,53
2,53
2,53
2,53
2,53
2,53
2,53
2,53
2,53
2,53
2,53
2,53
2,53
2,53
2,53
2,53
2,53
2,53
2,53
2,53
2,53
2,53
2,53
2,53
2,53
2,53
2,53
2,53
2,53
2,53
2,53
2,53
2,53
2,53
2,53
2,53
2,53
2,53
2,53
2,53
2,53
2,53
2,53
2,53
2,53
2,53
2,53
2,53
2,53
2,53
2,53
2,53
2,53
2,53
2,53
2,53
2,53
2,53
2,53
2,53
2,53
2,53
2,53
2,53
2,53
2,53
2,53
2,53
2,53
2,53
2,53
2,53
2,53
2,53
2,53
2,53
2,53
2,53
2,53
2,53
2,53
2,53
2,53
2,53
2,53
2,53
2,53
2,53
2,53
2,53
2,53
2,53
2,53
2,53
2,53
2,53
2,53
2,53
2,53
2,53
2,53
2,53
2,53
2,53
2,53
2,53
2,53
2,53
2,53
2,53
2,53
2,53
2,53
2,53
2,53
2,53
2,53
2,53
2,53
2,53
2,53
2,53
2,53
2,53
2,53
2,53
2,53
2,53
2,53
2,53
2,53
2,53
2,53
2,53
2,53
2,53
2,53
2,53
2,53
2,53
2,53
2,53
2,53
2,53
2,53
2,53
2,53
2,53
2,53
2,53
2,53
2,53
2,53
2,53
2,53
2,53
2,53
2,53
2,53
2,53
2,53
2,53
2,53
2,53
2,53
2,53
2,53
2,53
2,53
2,53
2,53
2,53
2,53
2,53
2,53
2,53
2,53
2,53
2,53
2,53
2,53
2,53
2,53
2,53
2,53
2,53
2,53
2,53
2,53
2,53
2,53
2,53
2,53
2,53
2,53
2,53
2,53
2,53
2,53
2,53
2,53
2,53
2,53
2,53
2,53
2,53
2,53
2,53
2,53
2,53
2,53
2,53
2,53
2,53
2,53
2,53
2,53
2,53
2,53
2,53
2,53
2,53
2,53
2,53
2,53
2,53
2,53
2,53
2,53
2,53
2,53
2,53
2,53
2,53
2,53
2,53
2,53
2,53
2,53
2,53
2,53
2,53
2,53
2,53
2,53
2,53
2,53
2,53
2,53
2,53
2,53
2,53
2,53
2,53
2,53
2,53
2,53
2,53
2,53
2,53
2,53
2,53
2,53
2,53
2,53
2,53
2,53
2,53
2,53
2,53
2,53
2,53
2,53
2,53
2,53
2,53
2,53
2,53
2,53
2,53
2,53
2,53
2,53
2,53
2,53
2,53
2,53
2,53
2,53
2,53
2,53
2,53
2,53
2,53
2,53
2,53
2,53
2,53
2,53
2,53
2,53
2,53
2,53
2,53
2,53
2,53
2,53
2,53
2,53
2,53
2,53
2,53
2,53
2,53
2,53
2,53
2,53
2,53
2,53
2,53
2,53
2,53
2,53
2,53
2,53
2,53
2,53
2,53
2,53
2,53
2,53
2,53
2,53
2,53
2,53
2,53
2,53
2,53
2,53
2,53
2,53
2,53
2,53
2,53
2,53
2,53
2,53
2,53
2,53
2,53
2,53
2,53
2,53
2,53
2,53
2,53
2,53
2,53
2,53
2,53
2,53
2,53
2,53
2,53
2,53
2,53
2,53
2,53
2,53
2,53
2,53
2,53
2,53
2,53
2,53
2,53
2,53
2,53
2,53
2,53
2,53
2,53
2,53
2,53
2,53
2,53
2,53
2,53
2,53
2,53
2,53
2,53
2,53
2,53
2,53
2,53
2,53
2,53
2,53
2,53
2,53
2,53
2,53
2,53
2,53
2,53
2,53
2,53
2,53
2,53
2,53
2,53
2,53
2,53
2,53
2,53
2,53
2,53
2,53
2,53
2,53
2,53
2,53
2,53
2,53
2,53
2,53
2,53
2,53
2,53
2,53
2,53
2,53
2,53
2,53
2,53
2,53
2,53
2,53
2,53
2,53
2,53
2,53
2,53
2,53
2,53
2,53
2,53
2,53
2,53
2,53
2,53
2,53
2,53
2,53
2,53
2,53
2,53
2,53
2,53
2,53
2,53
2,53
2,53
2,53
2,53
2,53
2,53
2,53
2,53
2,53
2,53
2,53
2,53
2,53
2,53
2,53
2,53
2,53
2,53
2,53
2,53
2,53
2,53
2,53
2,53
2,53
2,54
2,54
2,54
3,50
3,50
3,50
3,50
3,50
3,51
3,51
3,51
3,51
3,51
3,51
3,51
3,51
3,51
3,51
3,51
3,51
3,51
3,51
3,51
3,51
3,51
3,51
3,51
3,51
3,51
3,51
3,51
3,51
3,51
3,51
3,51
3,51
3,51
3,51
3,51
3,51
3,51
3,51
3,51
3,51
3,51
3,51
3,51
3,51
3,51
3,51
3,51
3,51
3,51
3,51
3,51
3,51
3,51
3,51
3,51
3,51
3,51
3,51
3,51
3,51
3,51
3,51
3,51
3,51
3,51
3,51
3,51
3,51
3,51
3,51
3,51
3,51
3,51
3,51
3,51
3,51
3,51
3,51
3,51
3,51
3,51
3,51
3,51
3,51
3,51
3,51
3,51
3,51
3,51
3,51
3,51
3,51
3,51
3,51
3,51
3,51
3,51
3,51
3,51
3,51
3,51
3,51
3,51
3,51
3,51
3,51
3,51
3,51
3,51
3,51
3,51
3,51
3,51
3,51
3,51
3,51
3,51
3,51
3,51
3,51
3,51
3,51
3,51
3,51
3,51
3,52
3,52
3,52
3,52
3,52
3,52
3,52
3,52
3,52
3,52
3,52
3,52
3,52
3,52
3,52
3,52
3,52
3,52
3,52
3,52
3,52
3,52
3,52
3,52
3,52
3,52
3,52
3,52
3,52
3,52
3,52
3,52
3,52
3,52
3,52
3,52
3,52
3,52
3,52
3,52
3,52
3,52
3,52
3,52
3,52
3,52
3,52
3,52
3,52
3,52
3,52
3,52
3,52
3,52
3,52
3,52
3,52
3,52
3,52
3,52
3,52
3,52
3,52
3,52
3,52
3,52
3,52
3,52
3,52
3,52
3,52
3,52
3,52
3,52
3,52
3,52
3,52
3,52
3,52
3,52
3,52
3,52
3,52
3,52
3,52
3,52
3,52
3,52
3,52
3,52
3,52
3,52
3,52
3,52
3,52
3,52
3,52
3,52
3,52
3,52
3,52
3,52
3,52
3,52
3,52
3,52
3,52
3,52
3,52
3,52
3,52
3,52
3,52
3,52
3,52
3,52
3,52
3,52
3,52
3,52
3,52
3,52
3,52
3,52
3,52
3,52
3,52
3,52
3,52
3,52
3,52
3,52
3,52
3,52
3,52
3,52
3,52
3,52
3,52
3,52
3,52
3,52
3,52
3,52
3,52
3,52
3,52
3,52
3,52
3,52
3,52
3,52
3,52
3,52
3,52
3,52
3,52
3,52
3,52
3,52
3,52
3,52
3,52
3,52
3,52
3,52
3,52
3,52
3,52
3,52
3,52
3,52
3,52
3,52
3,52
3,53
3,53
3,53
3,53
3,53
3,53
3,53
3,53
3,53
3,53
3,53
3,53
3,53
3,53
3,53
3,53
3,53
3,53
3,53
3,53
3,53
3,53
3,53
3,53
3,53
3,53
3,53
3,53
3,53
3,53
3,53
3,53
3,53
3,54
3,54
4,49
4,49
4,50
4,50
4,50
4,50
4,50
4,50
4,50
4,50
4,50
4,50
4,50
4,50
4,50
4,50
4,50
4,50
4,50
4,50
4,50
4,50
4,50
4,50
4,50
4,50
4,50
4,50
4,50
4,50
4,50
4,50
4,50
4,50
4,50
4,50
4,50
4,50
4,50
4,50
4,51
4,51
4,51
4,51
4,51
4,51
4,51
4,51
4,51
4,51
4,51
4,51
4,51
4,51
4,51
4,51
4,51
4,51
4,51
4,51
4,51
4,51
4,51
4,51
4,51
4,51
4,51
4,51
4,51
4,51
4,51
4,51
4,51
4,51
4,51
4,51
4,51
4,51
4,51
4,51
4,51
4,51
4,51
4,51
4,51
4,51
4,51
4,51
4,51
4,51
4,51
4,51
4,51
4,51
4,51
4,51
4,51
4,51
4,51
4,51
4,51
4,51
4,51
4,51
4,51
4,51
4,51
4,51
4,51
4,51
4,51
4,51
4,51
4,51
4,51
4,51
4,51
4,51
4,51
4,51
4,51
4,51
4,51
4,51
4,51
4,51
4,51
4,51
4,51
4,51
4,51
4,51
4,51
4,51
4,51
4,51
4,51
4,51
4,51
4,51
4,51
4,51
4,51
4,51
4,51
4,51
4,51
4,51
4,51
4,51
4,51
4,51
4,51
4,51
4,51
4,51
4,51
4,51
4,51
4,51
4,51
4,51
4,51
4,51
4,51
4,51
4,51
4,51
4,51
4,51
4,51
4,51
4,51
4,51
4,51
4,51
4,51
4,51
4,51
4,51
4,51
4,51
4,51
4,51
4,51
4,51
4,51
4,51
4,51
4,51
4,51
4,51
4,51
4,51
4,51
4,51
4,51
4,51
4,51
4,51
4,51
4,51
4,51
4,51
4,51
4,51
4,51
4,51
4,51
4,51
4,51
4,51
4,51
4,51
4,51
4,51
4,51
4,51
4,51
4,51
4,51
4,51
4,51
4,51
4,51
4,51
4,51
4,51
4,51
4,51
4,51
4,51
4,51
4,51
4,51
4,51
4,51
4,51
4,51
4,51
4,51
4,51
4,51
4,51
4,51
4,51
4,51
4,51
4,51
4,51
4,51
4,51
4,51
4,51
4,51
4,51
4,51
4,51
4,51
4,51
4,51
4,51
4,51
4,51
4,51
4,51
4,51
4,51
4,51
4,51
4,51
4,51
4,51
4,51
4,51
4,51
4,51
4,51
4,51
4,51
4,51
4,51
4,51
4,51
4,51
4,51
4,51
4,51
4,51
4,51
4,51
4,51
4,51
4,51
4,51
4,51
4,51
4,51
4,51
4,51
4,51
4,51
4,51
4,51
4,51
4,51
4,51
4,51
4,51
4,51
4,51
4,51
4,51
4,51
4,51
4,51
4,51
4,51
4,51
4,51
4,51
4,51
4,51
4,51
4,51
4,51
4,51
4,51
4,51
4,51
4,51
4,51
4,51
4,51
4,51
4,51
4,51
4,51
4,51
4,51
4,51
4,51
4,51
4,51
4,51
4,51
4,51
4,51
4,51
4,51
4,51
4,51
4,51
4,51
4,51
4,51
4,51
4,51
4,51
4,51
4,51
4,51
4,51
4,51
4,51
4,51
4,51
4,51
4,51
4,51
4,51
4,51
4,51
4,51
4,51
4,51
4,51
4,51
4,51
4,51
4,51
4,51
4,51
4,51
4,51
4,51
4,51
4,51
4,51
4,51
4,51
4,51
4,51
4,51
4,51
4,51
4,51
4,51
4,51
4,51
4,51
4,51
4,51
4,51
4,51
4,51
4,51
4,51
4,51
4,51
4,51
4,51
4,51
4,51
4,51
4,51
4,51
4,51
4,51
4,51
4,51
4,51
4,51
4,51
4,51
4,51
4,51
4,51
4,51
4,51
4,51
4,51
4,51
4,51
4,51
4,51
4,51
4,51
4,51
4,51
4,51
4,51
4,51
4,51
4,51
4,51
4,51
4,51
4,51
4,51
4,51
4,51
4,51
4,51
4,51
4,51
4,51
4,51
4,51
4,51
4,51
4,51
4,51
4,51
4,51
4,51
4,51
4,51
4,51
4,51
4,51
4,51
4,51
4,51
4,51
4,51
4,51
4,51
4,51
4,51
4,51
4,51
4,51
4,51
4,51
4,51
4,51
4,51
4,51
4,51
4,51
4,51
4,51
4,51
4,51
4,51
4,51
4,51
4,51
4,51
4,51
4,51
4,51
4,51
4,51
4,51
4,51
4,51
4,51
4,51
4,51
4,51
4,51
4,51
4,51
4,51
4,51
4,51
4,51
4,51
4,51
4,51
4,51
4,51
4,51
4,51
4,51
4,51
4,51
4,51
4,51
4,51
4,51
4,51
4,51
4,51
4,51
4,51
4,51
4,51
4,51
4,51
4,51
4,51
4,51
4,51
4,51
4,51
4,51
4,51
4,51
4,51
4,51
4,51
4,51
4,51
4,51
4,51
4,51
4,51
4,51
4,51
4,51
4,51
4,51
4,51
4,51
4,51
4,51
4,51
4,51
4,51
4,51
4,51
4,51
4,51
4,51
4,51
4,51
4,51
4,51
4,51
4,51
4,51
4,51
4,51
4,51
4,51
4,51
4,51
4,51
4,51
4,51
4,51
4,51
4,51
4,51
4,51
4,51
4,51
4,51
4,51
4,51
4,51
4,51
4,51
4,51
4,51
4,51
4,51
4,51
4,51
4,51
4,51
4,51
4,51
4,51
4,51
4,51
4,51
4,51
4,51
4,51
4,51
4,51
4,51
4,51
4,51
4,51
4,51
4,51
4,51
4,51
4,51
4,51
4,51
4,51
4,51
4,51
4,51
4,51
4,51
4,51
4,51
4,51
4,51
4,51
4,51
4,51
4,51
4,51
4,51
4,51
4,51
4,51
4,51
4,51
4,51
4,51
4,51
4,51
4,51
4,51
4,51
4,51
4,51
4,51
4,51
4,51
4,51
4,51
4,51
4,51
4,51
4,51
4,51
4,51
4,51
4,51
4,51
4,51
4,51
4,51
4,51
4,51
4,51
4,51
4,51
4,51
4,51
4,51
4,51
4,51
4,51
4,51
4,51
4,51
4,51
4,51
4,51
4,51
4,51
4,51
4,51
4,51
4,51
4,51
4,51
4,51
4,51
4,51
4,51
4,51
4,51
4,51
4,51
4,51
4,51
4,51
4,51
4,51
4,51
4,51
4,51
4,51
4,51
4,51
4,51
4,51
4,51
4,51
4,51
4,51
4,51
4,51
4,51
4,51
4,51
4,51
4,51
4,51
4,51
4,51
4,51
4,51
4,51
4,51
4,51
4,51
4,51
4,51
4,51
4,51
4,51
4,51
4,51
4,51
4,51
4,51
4,51
4,51
4,51
4,51
4,51
4,51
4,51
4,51
4,51
4,51
4,51
4,51
4,51
4,51
4,51
4,51
4,51
4,51
4,51
4,51
4,51
4,51
4,51
4,51
4,51
4,51
4,51
4,51
4,51
4,51
4,51
4,51
4,51
4,51
4,51
4,51
4,51
4,51
4,51
4,51
4,51
4,51
4,51
4,51
4,51
4,51
4,51
4,51
4,51
4,51
4,51
4,51
4,51
4,51
4,51
4,51
4,51
4,51
4,51
4,51
4,51
4,51
4,51
4,51
4,51
4,51
4,51
4,51
4,51
4,51
4,51
4,51
4,51
4,51
4,51
4,51
4,51
4,51
4,51
4,51
4,51
4,51
4,51
4,51
4,51
4,51
4,51
4,51
4,51
4,51
4,51
4,51
4,51
4,51
4,51
4,51
4,51
4,51
4,51
4,51
4,51
4,51
4,51
4,51
4,51
4,51
4,51
4,51
4,51
4,51
4,51
4,51
4,51
4,51
4,51
4,51
4,51
4,51
4,52
4,52
4,52
4,52
4,52
4,52
4,52
4,52
4,52
4,52
4,52
4,52
4,52
4,52
4,52
4,52
4,52
4,52
4,52
4,52
4,52
4,52
4,52
4,52
4,52
4,52
4,52
4,52
4,52
4,52
4,52
4,52
4,52
4,52
4,52
4,52
4,52
4,52
4,52
4,52
4,52
4,52
4,52
4,52
4,52
4,52
4,52
4,52
4,52
4,52
4,52
4,52
4,52
4,52
4,52
4,52
4,52
4,52
4,52
4,52
4,52
4,52
4,52
4,52
4,52
4,52
4,52
4,52
4,52
4,52
4,52
4,52
4,52
4,52
4,52
4,52
4,52
4,52
4,52
4,52
4,52
4,52
4,52
4,52
4,52
4,52
4,52
4,52
4,52
4,52
4,52
4,52
4,52
4,52
4,52
4,52
4,52
4,52
4,52
4,52
4,52
4,52
4,52
4,52
4,52
4,52
4,52
4,52
4,52
4,52
4,52
4,52
4,52
4,52
4,52
4,52
4,52
4,52
4,52
4,52
4,52
4,52
4,52
4,52
4,52
4,52
4,52
4,52
4,52
4,52
4,52
4,52
4,52
4,52
4,52
4,52
4,52
4,52
4,52
4,52
4,52
4,52
4,52
4,52
4,52
4,52
4,52
4,52
4,52
4,52
4,52
4,52
4,52
4,52
4,52
4,52
4,52
4,52
4,52
4,52
4,52
4,52
4,52
4,52
4,52
4,52
4,52
4,52
4,52
4,52
4,52
4,52
4,52
4,52
4,52
4,52
4,52
4,52
4,52
4,52
4,52
4,52
4,52
4,52
4,52
4,52
4,52
4,52
4,52
4,52
4,52
4,52
4,52
4,52
4,52
4,52
4,52
4,52
4,52
4,52
4,52
4,52
4,52
4,52
4,52
4,52
4,52
4,52
4,52
4,52
4,52
4,52
4,52
4,52
4,52
4,52
4,52
4,52
4,52
4,52
4,52
4,52
4,52
4,52
4,52
4,52
4,52
4,52
4,52
4,52
4,52
4,52
4,52
4,52
4,52
4,52
4,52
4,52
4,52
4,52
4,52
4,52
4,52
4,52
4,52
4,52
4,52
4,52
4,52
4,52
4,52
4,52
4,52
4,52
4,52
4,52
4,52
4,52
4,52
4,52
4,52
4,52
4,52
4,52
4,52
4,52
4,52
4,52
4,52
4,52
4,52
4,52
4,52
4,52
4,52
4,52
4,52
4,52
4,52
4,52
4,52
4,52
4,52
4,52
4,52
4,52
4,52
4,52
4,52
4,52
4,52
4,52
4,52
4,52
4,52
4,52
4,52
4,52
4,52
4,52
4,52
4,52
4,52
4,52
4,52
4,52
4,52
4,52
4,52
4,52
4,52
4,52
4,52
4,52
4,52
4,52
4,52
4,52
4,52
4,52
4,52
4,52
4,52
4,52
4,52
4,52
4,52
4,52
4,52
4,52
4,52
4,52
4,52
4,52
4,52
4,52
4,52
4,52
4,52
4,52
4,52
4,52
4,52
4,52
4,52
4,52
4,52
4,52
4,52
4,52
4,52
4,52
4,52
4,52
4,52
4,52
4,52
4,52
4,52
4,52
4,52
4,52
4,52
4,52
4,52
4,52
4,52
4,52
4,52
4,52
4,52
4,52
4,52
4,52
4,52
4,52
4,52
4,52
4,52
4,52
4,52
4,52
4,52
4,52
4,52
4,52
4,52
4,52
4,52
4,52
4,52
4,52
4,52
4,52
4,52
4,52
4,52
4,52
4,52
4,52
4,52
4,52
4,52
4,52
4,52
4,52
4,52
4,52
4,52
4,52
4,52
4,52
4,52
4,52
4,52
4,52
4,52
4,52
4,52
4,52
4,52
4,52
4,52
4,52
4,52
4,52
4,52
4,52
4,52
4,52
4,52
4,52
4,52
4,52
4,52
4,52
4,52
4,52
4,52
4,52
4,52
4,52
4,52
4,52
4,52
4,52
4,52
4,52
4,52
4,52
4,52
4,52
4,52
4,52
4,52
4,52
4,52
4,52
4,52
4,52
4,52
4,52
4,52
4,52
4,52
4,52
4,52
4,52
4,52
4,52
4,52
4,52
4,52
4,52
4,52
4,52
4,52
4,52
4,52
4,52
4,52
4,52
4,52
4,52
4,52
4,52
4,52
4,52
4,52
4,52
4,52
4,52
4,52
4,52
4,52
4,52
4,52
4,52
4,52
4,52
4,52
4,52
4,52
4,52
4,52
4,52
4,52
4,52
4,52
4,52
4,52
4,52
4,52
4,52
4,52
4,52
4,52
4,52
4,52
4,52
4,52
4,52
4,52
4,52
4,52
4,52
4,52
4,52
4,52
4,52
4,52
4,52
4,52
4,52
4,52
4,52
4,52
4,52
4,52
4,52
4,52
4,52
4,52
4,52
4,52
4,52
4,52
4,52
4,52
4,52
4,52
4,52
4,52
4,52
4,52
4,52
4,52
4,52
4,52
4,52
4,52
4,52
4,52
4,52
4,52
4,52
4,52
4,52
4,52
4,52
4,52
4,52
4,52
4,52
4,52
4,52
4,52
4,52
4,52
4,52
4,52
4,52
4,52
4,52
4,52
4,52
4,52
4,52
4,52
4,52
4,52
4,52
4,52
4,52
4,52
4,52
4,52
4,52
4,52
4,52
4,52
4,52
4,52
4,52
4,52
4,52
4,52
4,52
4,52
4,52
4,52
4,52
4,52
4,52
4,52
4,52
4,52
4,52
4,52
4,52
4,52
4,52
4,52
4,52
4,52
4,52
4,52
4,52
4,52
4,52
4,52
4,52
4,52
4,52
4,52
4,52
4,52
4,52
4,52
4,52
4,52
4,52
4,52
4,52
4,52
4,52
4,52
4,52
4,52
4,52
4,52
4,52
4,52
4,52
4,52
4,52
4,52
4,52
4,52
4,52
4,52
4,52
4,52
4,52
4,52
4,52
4,52
4,52
4,52
4,52
4,52
4,52
4,52
4,52
4,52
4,52
4,52
4,52
4,52
4,52
4,52
4,52
4,52
4,52
4,52
4,52
4,52
4,52
4,52
4,52
4,52
4,52
4,52
4,52
4,52
4,52
4,52
4,52
4,52
4,52
4,52
4,52
4,52
4,52
4,52
4,52
4,52
4,52
4,52
4,52
4,52
4,52
4,52
4,52
4,52
4,52
4,52
4,52
4,52
4,52
4,52
4,52
4,52
4,52
4,52
4,52
4,52
4,52
4,52
4,52
4,52
4,52
4,52
4,52
4,52
4,52
4,52
4,52
4,52
4,52
4,52
4,52
4,52
4,52
4,52
4,52
4,52
4,52
4,52
4,52
4,52
4,52
4,52
4,52
4,52
4,52
4,52
4,52
4,52
4,52
4,52
4,52
4,52
4,52
4,52
4,52
4,52
4,52
4,52
4,52
4,52
4,52
4,52
4,52
4,52
4,52
4,52
4,52
4,52
4,52
4,52
4,52
4,52
4,52
4,52
4,52
4,52
4,52
4,52
4,52
4,52
4,52
4,52
4,52
4,52
4,52
4,52
4,52
4,52
4,52
4,52
4,52
4,52
4,52
4,52
4,52
4,52
4,52
4,52
4,52
4,52
4,52
4,52
4,52
4,52
4,52
4,52
4,52
4,52
4,52
4,52
4,52
4,52
4,52
4,52
4,52
4,52
4,52
4,52
4,52
4,52
4,52
4,52
4,52
4,52
4,52
4,52
4,52
4,52
4,52
4,52
4,52
4,52
4,52
4,52
4,52
4,52
4,52
4,52
4,52
4,52
4,52
4,52
4,52
4,52
4,52
4,52
4,52
4,52
4,52
4,52
4,52
4,52
4,52
4,52
4,52
4,52
4,52
4,52
4,52
4,52
4,52
4,52
4,52
4,52
4,52
4,52
4,52
4,52
4,52
4,52
4,52
4,52
4,52
4,52
4,52
4,52
4,52
4,52
4,52
4,52
4,52
4,52
4,52
4,52
4,52
4,52
4,52
4,52
4,52
4,52
4,52
4,52
4,52
4,52
4,52
4,52
4,52
4,52
4,52
4,52
4,52
4,52
4,52
4,52
4,52
4,52
4,52
4,52
4,52
4,52
4,52
4,52
4,52
4,52
4,52
4,52
4,52
4,52
4,52
4,52
4,52
4,52
4,52
4,52
4,52
4,52
4,52
4,52
4,52
4,52
4,52
4,52
4,52
4,52
4,52
4,52
4,52
4,52
4,52
4,52
4,52
4,52
4,52
4,52
4,52
4,52
4,52
4,52
4,52
4,52
4,52
4,52
4,52
4,52
4,52
4,52
4,52
4,52
4,52
4,52
4,52
4,52
4,52
4,52
4,52
4,52
4,52
4,52
4,52
4,52
4,52
4,52
4,52
4,52
4,52
4,52
4,52
4,52
4,52
4,52
4,52
4,52
4,52
4,52
4,52
4,52
4,52
4,52
4,52
4,52
4,52
4,52
4,52
4,52
4,52
4,52
4,52
4,52
4,52
4,52
4,52
4,52
4,52
4,52
4,52
4,52
4,52
4,52
4,52
4,52
4,52
4,52
4,52
4,52
4,52
4,52
4,52
4,52
4,52
4,52
4,52
4,52
4,52
4,52
4,52
4,52
4,52
4,52
4,52
4,52
4,52
4,52
4,52
4,52
4,52
4,52
4,52
4,52
4,52
4,52
4,52
4,52
4,52
4,52
4,52
4,52
4,52
4,52
4,52
4,52
4,52
4,52
4,52
4,52
4,52
4,52
4,52
4,52
4,52
4,52
4,52
4,52
4,52
4,52
4,52
4,52
4,52
4,52
4,52
4,52
4,52
4,52
4,52
4,52
4,52
4,52
4,52
4,52
4,52
4,52
4,52
4,52
4,52
4,52
4,52
4,52
4,52
4,52
4,52
4,52
4,52
4,52
4,52
4,52
4,52
4,52
4,52
4,52
4,52
4,52
4,52
4,52
4,52
4,52
4,52
4,52
4,52
4,52
4,52
4,52
4,52
4,52
4,52
4,52
4,52
4,52
4,52
4,52
4,52
4,52
4,52
4,52
4,52
4,52
4,52
4,52
4,52
4,52
4,52
4,52
4,52
4,52
4,52
4,52
4,52
4,52
4,52
4,52
4,52
4,52
4,52
4,52
4,52
4,52
4,52
4,52
4,52
4,52
4,52
4,52
4,52
4,52
4,52
4,52
4,52
4,52
4,52
4,52
4,52
4,52
4,52
4,52
4,52
4,52
4,52
4,52
4,52
4,52
4,52
4,52
4,52
4,52
4,52
4,52
4,52
4,52
4,52
4,52
4,52
4,52
4,52
4,52
4,52
4,52
4,52
4,52
4,53
4,53
4,53
4,53
4,53
4,53
4,53
4,53
4,53
4,53
4,53
4,53
4,53
4,53
4,53
4,53
4,53
4,53
4,53
4,53
4,53
4,53
4,53
4,53
4,53
4,53
4,53
4,53
4,53
4,53
4,53
4,53
4,53
4,53
4,53
4,53
4,53
4,53
4,53
4,53
4,53
4,53
4,53
4,53
4,53
4,53
4,53
4,53
4,53
4,53
4,53
4,53
4,53
4,53
4,53
4,53
4,53
4,53
4,53
4,53
4,53
4,53
4,53
4,53
4,53
4,53
4,53
4,53
4,53
4,53
4,53
4,53
4,53
4,53
4,53
4,53
4,53
4,53
4,53
4,53
4,53
4,53
4,53
4,53
4,53
4,53
4,53
4,53
4,53
4,53
4,53
4,53
4,53
4,53
4,53
4,53
4,53
4,53
4,53
4,53
4,53
4,53
4,53
4,53
4,53
5,50
5,50
5,50
5,50
5,50
5,50
5,50
5,50
5,50
5,50
5,50
5,50
5,50
5,50
5,50
5,50
5,51
5,51
5,51
5,51
5,51
5,51
5,51
5,51
5,51
5,51
5,51
5,51
5,51
5,51
5,51
5,51
5,51
5,51
5,51
5,51
5,51
5,51
5,51
5,51
5,51
5,51
5,51
5,51
5,51
5,51
5,51
5,51
5,51
5,51
5,51
5,51
5,51
5,51
5,51
5,51
5,51
5,51
5,51
5,51
5,51
5,51
5,51
5,51
5,51
5,51
5,51
5,51
5,51
5,51
5,51
5,51
5,51
5,51
5,51
5,51
5,51
5,51
5,51
5,51
5,51
5,51
5,51
5,51
5,51
5,51
5,51
5,51
5,51
5,51
5,51
5,51
5,51
5,51
5,51
5,51
5,51
5,51
5,51
5,51
5,51
5,51
5,51
5,51
5,51
5,51
5,51
5,51
5,51
5,51
5,51
5,51
5,51
5,51
5,51
5,51
5,51
5,51
5,51
5,51
5,51
5,51
5,51
5,51
5,51
5,51
5,51
5,51
5,51
5,51
5,51
5,51
5,51
5,51
5,51
5,51
5,51
5,51
5,51
5,51
5,51
5,51
5,51
5,51
5,51
5,51
5,51
5,51
5,51
5,51
5,51
5,51
5,51
5,51
5,51
5,51
5,51
5,51
5,51
5,51
5,51
5,51
5,51
5,51
5,51
5,51
5,51
5,51
5,51
5,51
5,51
5,51
5,51
5,51
5,51
5,51
5,51
5,51
5,51
5,51
5,51
5,51
5,51
5,51
5,51
5,51
5,51
5,51
5,51
5,51
5,51
5,51
5,51
5,51
5,51
5,51
5,51
5,51
5,51
5,51
5,51
5,51
5,51
5,51
5,51
5,51
5,51
5,51
5,51
5,51
5,51
5,51
5,51
5,51
5,51
5,51
5,51
5,51
5,51
5,51
5,51
5,51
5,51
5,51
5,51
5,51
5,51
5,51
5,51
5,51
5,51
5,51
5,51
5,51
5,51
5,51
5,51
5,51
5,51
5,51
5,51
5,51
5,51
5,51
5,51
5,51
5,51
5,51
5,51
5,51
5,51
5,51
5,51
5,51
5,51
5,51
5,51
5,51
5,51
5,51
5,51
5,51
5,51
5,51
5,51
5,51
5,51
5,51
5,51
5,51
5,51
5,51
5,51
5,51
5,51
5,51
5,51
5,51
5,51
5,51
5,51
5,51
5,51
5,51
5,51
5,51
5,51
5,51
5,51
5,51
5,51
5,51
5,51
5,51
5,51
5,51
5,51
5,51
5,51
5,51
5,51
5,51
5,51
5,51
5,51
5,51
5,51
5,51
5,51
5,51
5,51
5,51
5,51
5,51
5,51
5,51
5,51
5,51
5,51
5,51
5,51
5,51
5,51
5,51
5,51
5,51
5,51
5,51
5,51
5,51
5,51
5,51
5,51
5,51
5,51
5,51
5,51
5,51
5,51
5,51
5,51
5,51
5,51
5,51
5,51
5,51
5,51
5,51
5,51
5,51
5,51
5,51
5,51
5,51
5,51
5,51
5,51
5,51
5,51
5,51
5,51
5,51
5,51
5,51
5,51
5,51
5,51
5,51
5,51
5,51
5,51
5,51
5,51
5,51
5,51
5,51
5,51
5,52
5,52
5,52
5,52
5,52
5,52
5,52
5,52
5,52
5,52
5,52
5,52
5,52
5,52
5,52
5,52
5,52
5,52
5,52
5,52
5,52
5,52
5,52
5,52
5,52
5,52
5,52
5,52
5,52
5,52
5,52
5,52
5,52
5,52
5,52
5,52
5,52
5,52
5,52
5,52
5,52
5,52
5,52
5,52
5,52
5,52
5,52
5,52
5,52
5,52
5,52
5,52
5,52
5,52
5,52
5,52
5,52
5,52
5,52
5,52
5,52
5,52
5,52
5,52
5,52
5,52
5,52
5,52
5,52
5,52
5,52
5,52
5,52
5,52
5,52
5,52
5,52
5,52
5,52
5,52
5,52
5,52
5,52
5,52
5,52
5,52
5,52
5,52
5,52
5,52
5,52
5,52
5,52
5,52
5,52
5,52
5,52
5,52
5,52
5,52
5,52
5,52
5,52
5,52
5,52
5,52
5,52
5,52
5,52
5,52
5,52
5,52
5,52
5,52
5,52
5,52
5,52
5,52
5,52
5,52
5,52
5,52
5,52
5,52
5,52
5,52
5,52
5,52
5,52
5,52
5,52
5,52
5,52
5,52
5,52
5,52
5,52
5,52
5,52
5,52
5,52
5,52
5,52
5,52
5,52
5,52
5,52
5,52
5,52
5,52
5,52
5,52
5,52
5,52
5,52
5,52
5,52
5,52
5,52
5,52
5,52
5,52
5,52
5,52
5,52
5,52
5,52
5,52
5,52
5,52
5,52
5,52
5,52
5,52
5,52
5,52
5,52
5,52
5,52
5,52
5,52
5,52
5,52
5,52
5,52
5,52
5,52
5,52
5,52
5,52
5,52
5,52
5,52
5,52
5,52
5,52
5,52
5,52
5,52
5,52
5,52
5,52
5,52
5,52
5,52
5,52
5,52
5,52
5,52
5,52
5,52
5,52
5,52
5,52
5,52
5,52
5,52
5,52
5,52
5,52
5,52
5,52
5,52
5,52
5,52
5,52
5,52
5,52
5,52
5,52
5,52
5,52
5,52
5,52
5,52
5,52
5,52
5,52
5,52
5,52
5,52
5,52
5,52
5,52
5,52
5,52
5,52
5,52
5,52
5,52
5,52
5,52
5,52
5,52
5,52
5,52
5,52
5,52
5,52
5,52
5,52
5,52
5,52
5,52
5,52
5,52
5,52
5,52
5,52
5,52
5,52
5,52
5,52
5,52
5,52
5,52
5,52
5,52
5,52
5,52
5,52
5,52
5,52
5,52
5,52
5,52
5,52
5,52
5,52
5,52
5,52
5,52
5,52
5,52
5,52
5,52
5,52
5,52
5,52
5,52
5,52
5,52
5,52
5,52
5,52
5,52
5,52
5,52
5,52
5,52
5,52
5,52
5,52
5,52
5,52
5,52
5,52
5,52
5,52
5,52
5,52
5,52
5,52
5,52
5,52
5,52
5,52
5,52
5,52
5,52
5,52
5,52
5,52
5,52
5,52
5,52
5,52
5,52
5,52
5,52
5,52
5,52
5,52
5,52
5,52
5,52
5,52
5,52
5,52
5,52
5,52
5,52
5,52
5,52
5,52
5,52
5,52
5,52
5,52
5,52
5,52
5,52
5,52
5,52
5,52
5,52
5,52
5,52
5,52
5,52
5,52
5,52
5,52
5,52
5,52
5,52
5,52
5,52
5,52
5,52
5,52
5,52
5,52
5,52
5,52
5,52
5,52
5,52
5,52
5,52
5,52
5,52
5,52
5,52
5,52
5,52
5,52
5,52
5,52
5,52
5,52
5,52
5,52
5,52
5,52
5,52
5,52
5,52
5,52
5,52
5,52
5,52
5,52
5,52
5,52
5,52
5,52
5,52
5,52
5,52
5,52
5,52
5,52
5,52
5,52
5,52
5,52
5,52
5,52
5,52
5,52
5,52
5,52
5,52
5,52
5,52
5,52
5,52
5,52
5,52
5,52
5,52
5,52
5,52
5,52
5,52
5,52
5,52
5,52
5,52
5,52
5,52
5,52
5,52
5,52
5,52
5,52
5,52
5,52
5,52
5,52
5,52
5,52
5,52
5,52
5,52
5,52
5,52
5,52
5,52
5,52
5,52
5,52
5,52
5,52
5,52
5,52
5,52
5,52
5,52
5,52
5,52
5,52
5,52
5,52
5,52
5,52
5,52
5,52
5,52
5,52
5,52
5,52
5,52
5,52
5,52
5,52
5,52
5,52
5,52
5,52
5,52
5,52
5,52
5,52
5,52
5,52
5,52
5,52
5,52
5,52
5,52
5,52
5,52
5,52
5,52
5,52
5,52
5,52
5,52
5,52
5,52
5,52
5,52
5,52
5,52
5,52
5,52
5,52
5,52
5,52
5,52
5,52
5,52
5,52
5,52
5,52
5,52
5,52
5,52
5,52
5,52
5,52
5,52
5,52
5,52
5,52
5,52
5,52
5,52
5,52
5,52
5,52
5,52
5,53
5,53
5,53
5,53
5,53
5,53
5,53
5,53
5,53
5,53
5,53
5,53
5,53
5,53
5,53
5,53
5,53
5,53
5,53
5,53
5,53
5,53
5,53
5,53
5,53
5,53
5,53
5,53
5,53
5,53
5,53
5,53
5,53
5,53
5,53
5,53
5,53
5,53
5,53
5,53
5,53
5,53
5,53
5,53
5,53
5,53
5,53
5,53
5,53
5,53
5,53
5,53
5,53
5,53
5,53
5,54
6,51
6,51
6,51
6,51
6,51
6,51
6,51
6,51
6,51
6,51
6,51
6,51
6,51
6,51
6,51
6,51
6,51
6,51
6,51
6,51
6,51
6,51
6,51
6,51
6,51
6,51
6,51
6,51
6,51
6,51
6,51
6,51
6,51
6,51
6,51
6,51
6,51
6,51
6,51
6,51
6,51
6,51
6,51
6,51
6,51
6,51
6,51
6,51
6,51
6,51
6,51
6,51
6,51
6,51
6,51
6,51
6,51
6,51
6,51
6,51
6,51
6,51
6,51
6,51
6,51
6,51
6,51
6,51
6,51
6,51
6,51
6,51
6,51
6,51
6,51
6,51
6,51
6,51
6,51
6,51
6,51
6,51
6,51
6,51
6,51
6,51
6,51
6,51
6,51
6,51
6,51
6,51
6,51
6,51
6,51
6,51
6,51
6,51
6,51
6,51
6,51
6,51
6,51
6,51
6,51
6,51
6,51
6,52
6,52
6,52
6,52
6,52
6,52
6,52
6,52
6,52
6,52
6,52
6,52
6,52
6,52
6,52
6,52
6,52
6,52
6,52
6,52
6,52
6,52
6,52
6,52
6,52
6,52
6,52
6,52
6,52
6,52
6,52
6,52
6,52
6,52
6,52
6,52
6,52
6,52
6,52
6,52
6,52
6,52
6,52
6,52
6,52
6,52
6,52
6,52
6,52
6,52
6,52
6,52
6,52
6,52
6,52
6,52
6,52
6,52
6,52
6,52
6,52
6,52
6,52
6,52
6,52
6,52
6,52
6,52
6,52
6,52
6,52
6,52
6,52
6,52
6,52
6,52
6,52
6,52
6,52
6,52
6,52
6,52
6,52
6,52
6,52
6,52
6,52
6,52
6,52
6,52
6,52
6,52
6,52
6,52
6,52
6,52
6,52
6,52
6,52
6,52
6,52
6,52
6,52
6,52
6,52
6,52
6,52
6,52
6,52
6,52
6,52
6,52
6,52
6,52
6,52
6,52
6,52
6,52
6,52
6,52
6,52
6,52
6,52
6,52
6,52
6,52
6,52
6,52
6,52
6,52
6,52
6,52
6,52
6,52
6,52
6,52
6,52
6,52
6,52
6,52
6,52
6,52
6,52
6,52
6,52
6,52
6,52
6,52
6,52
6,52
6,52
6,52
6,52
6,52
6,52
6,52
6,52
6,52
6,52
6,52
6,52
6,52
6,52
6,52
6,52
6,52
6,52
6,52
6,52
6,52
6,52
6,52
6,52
6,52
6,52
6,52
6,52
6,52
6,52
6,52
6,52
6,52
6,52
6,52
6,52
6,52
6,52
6,52
6,52
6,52
6,52
6,52
6,52
6,52
6,52
6,52
6,52
6,52
6,52
6,52
6,52
6,52
6,52
6,52
6,52
6,52
6,52
6,52
6,52
6,52
6,52
6,52
6,53
6,53
6,53
6,53
6,53
6,53
6,53
6,53
6,53
6,53
6,53
6,53
6,53
6,53
6,53
6,53
6,53
6,53
6,53
6,53
