Mouse ID,Timepoint,Tumor Volume (mm3),Metastatic Sites
b128,0,45.0,0
f932,0,45.0,0
g107,0,45.0,0
a457,0,45.0,0
c819,0,45.0,0
h246,0,45.0,0
p189,0,45.0,0
n923,0,45.0,0
q119,0,45.0,0
f993,0,45.0,0
z234,0,45.0,0
b559,0,45.0,0
y260,0,45.0,0
x930,0,45.0,0
o725,0,45.0,0
z969,0,45.0,0
v835,0,45.0,0
r604,0,45.0,0
n304,0,45.0,0
l700,0,45.0,0
x336,0,45.0,0
l725,0,45.0,0
m133,0,45.0,0
v295,0,45.0,0
a818,0,45.0,0
y601,0,45.0,0
t724,0,45.0,0
k382,0,45.0,0
w422,0,45.0,0
c326,0,45.0,0
c139,0,45.0,0
v339,0,45.0,0
a577,0,45.0,0
y163,0,45.0,0
k483,0,45.0,0
k804,0,45.0,0
o809,0,45.0,0
z581,0,45.0,0
a251,0,45.0,0
i386,0,45.0,0
c580,0,45.0,0
q132,0,45.0,0
u327,0,45.0,0
v603,0,45.0,0
f278,0,45.0,0
g497,0,45.0,0
d474,0,45.0,0
o973,0,45.0,0
c832,0,45.0,0
o331,0,45.0,0
m650,0,45.0,0
v289,0,45.0,0
m550,0,45.0,0
h428,0,45.0,0
r701,0,45.0,0
v199,0,45.0,0
x264,0,45.0,0
f234,0,45.0,0
c458,0,45.0,0
q610,0,45.0,0
j913,0,45.0,0
a411,0,45.0,0
a444,0,45.0,0
d251,0,45.0,0
j989,0,45.0,0
y449,0,45.0,0
k403,0,45.0,0
c758,0,45.0,0
x402,0,45.0,0
r811,0,45.0,0
a644,0,45.0,0
i177,0,45.0,0
g791,0,45.0,0
a520,0,45.0,0
u196,0,45.0,0
m546,0,45.0,0
w678,0,45.0,0
n364,0,45.0,0
s508,0,45.0,0
e662,0,45.0,0
z578,0,45.0,0
r921,0,45.0,0
a492,0,45.0,0
w540,0,45.0,0
v764,0,45.0,0
z795,0,45.0,0
e291,0,45.0,0
e584,0,45.0,0
e213,0,45.0,0
j755,0,45.0,0
s565,0,45.0,0
a366,0,45.0,0
p387,0,45.0,0
b879,0,45.0,0
i901,0,45.0,0
k862,0,45.0,0
g867,0,45.0,0
s619,0,45.0,0
w697,0,45.0,0
j984,0,45.0,0
c402,0,45.0,0
h333,0,45.0,0
k510,0,45.0,0
p981,0,45.0,0
t451,0,45.0,0
a963,0,45.0,0
m269,0,45.0,0
g989,0,45.0,0
z314,0,45.0,0
o848,0,45.0,0
v719,0,45.0,0
q597,0,45.0,0
c895,0,45.0,0
a203,0,45.0,0
f394,0,45.0,0
c264,0,45.0,0
n967,0,45.0,0
f545,0,45.0,0
k894,0,45.0,0
k754,0,45.0,0
g296,0,45.0,0
d164,0,45.0,0
w575,0,45.0,0
x613,0,45.0,0
q633,0,45.0,0
b313,0,45.0,0
f129,0,45.0,0
j365,0,45.0,0
p136,0,45.0,0
c559,0,45.0,0
a788,0,45.0,0
s337,0,45.0,0
q511,0,45.0,0
m331,0,45.0,0
o926,0,45.0,0
d133,0,45.0,0
n630,0,45.0,0
g989,0,45.0,0
a401,0,45.0,0
w350,0,45.0,0
c302,0,45.0,0
a897,0,45.0,0
j235,0,45.0,0
q787,0,45.0,0
a262,0,45.0,0
r850,0,45.0,0
i669,0,45.0,0
n763,0,45.0,0
s152,0,45.0,0
c766,0,45.0,0
e227,0,45.0,0
c282,0,45.0,0
v989,0,45.0,0
w140,0,45.0,0
v409,0,45.0,0
l872,0,45.0,0
o795,0,45.0,0
y478,0,45.0,0
q582,0,45.0,0
s166,0,45.0,0
x773,0,45.0,0
w167,0,45.0,0
t718,0,45.0,0
o302,0,45.0,0
i477,0,45.0,0
c757,0,45.0,0
t994,0,45.0,0
p310,0,45.0,0
a699,0,45.0,0
k603,0,45.0,0
x822,0,45.0,0
l558,0,45.0,0
l733,0,45.0,0
f436,0,45.0,0
l490,0,45.0,0
b759,0,45.0,0
l471,0,45.0,0
y865,0,45.0,0
y769,0,45.0,0
l661,0,45.0,0
j296,0,45.0,0
u149,0,45.0,0
u153,0,45.0,0
w151,0,45.0,0
h531,0,45.0,0
a685,0,45.0,0
o813,0,45.0,0
m756,0,45.0,0
n671,0,45.0,0
s121,0,45.0,0
v766,0,45.0,0
w193,0,45.0,0
e476,0,45.0,0
w584,0,45.0,0
b447,0,45.0,0
k210,0,45.0,0
a275,0,45.0,0
x581,0,45.0,0
n482,0,45.0,0
t198,0,45.0,0
l215,0,45.0,0
s141,0,45.0,0
o523,0,45.0,0
i635,0,45.0,0
w746,0,45.0,0
r107,0,45.0,0
s187,0,45.0,0
g570,0,45.0,0
x209,0,45.0,0
x111,0,45.0,0
z435,0,45.0,0
n678,0,45.0,0
g558,0,45.0,0
u946,0,45.0,0
o562,0,45.0,0
v991,0,45.0,0
c927,0,45.0,0
x226,0,45.0,0
p438,0,45.0,0
b487,0,45.0,0
o287,0,45.0,0
q483,0,45.0,0
t573,0,45.0,0
f345,0,45.0,0
i334,0,45.0,0
l264,0,45.0,0
j246,0,45.0,0
r554,0,45.0,0
s185,0,45.0,0
b742,0,45.0,0
x401,0,45.0,0
l509,0,45.0,0
s710,0,45.0,0
r157,0,45.0,0
u364,0,45.0,0
j119,0,45.0,0
v923,0,45.0,0
w914,0,45.0,0
i738,0,45.0,0
r944,0,45.0,0
y793,0,45.0,0
g316,0,45.0,0
g288,0,45.0,0
l897,0,45.0,0
w150,0,45.0,0
t565,0,45.0,0
i557,0,45.0,0
m957,0,45.0,0
f966,0,45.0,0
m601,0,45.0,0
a275,5,46.7952572806,0
w575,5,48.9138597737,1
x822,5,45.6711044247,1
l509,5,45.8511928534,0
n304,5,46.4312162932,0
d164,5,46.617670614,0
l897,5,45.4622432673,0
l558,5,45.8090888162,0
g296,5,46.5932333665,0
c458,5,45.7222794933,0
a401,5,46.1119859138,0
l700,5,45.9183716507,0
f234,5,47.3134906249,0
x613,5,46.0970405801,0
u149,5,45.7920679201,0
k210,5,47.9189977056,0
x402,5,46.3275702711,1
q610,5,45.6294942066,0
x581,5,47.1969265953,0
a492,5,46.409143389,0
m133,5,46.6213012697,0
l725,5,48.7363188117,1
q633,5,47.1838021471,0
f129,5,47.0005939912,0
q483,5,46.7768162388,1
a444,5,44.0059748662,0
v835,5,47.1560107135,0
r604,5,47.0677444824,1
f394,5,47.0330996326,0
y865,5,46.7350059228,1
d251,5,41.746354951,1
b313,5,47.1544325448,0
y769,5,46.4226517593,1
z234,5,46.1293570585,1
b559,5,47.409897307,0
f993,5,46.3957596587,0
q119,5,47.8644400032,0
j989,5,45.6207183526,1
w150,5,39.2021289432,0
n923,5,45.8248809938,0
y449,5,45.8775449377,0
l661,5,46.2687990432,0
c302,5,47.6906798585,1
c264,5,45.7917038935,0
l471,5,46.2518720377,0
x930,5,46.0782337548,0
k754,5,45.7277604037,0
f436,5,46.3707975921,1
v295,5,46.111817974,1
j913,5,44.01490022,0
s710,5,43.1809773956,0
z969,5,49.3329987284,0
k894,5,47.645686744,0
l490,5,45.6125391753,1
b759,5,48.0091904896,0
a411,5,45.466677143,0
f545,5,46.5658126328,0
o725,5,46.8898209794,0
y601,5,48.4750027309,1
w914,5,45.8937203239,0
n967,5,46.0771917313,1
l733,5,46.1742262682,0
m601,5,41.4085914501,1
b487,5,46.2139773932,0
o287,5,45.5868036213,0
p310,5,46.5585323623,1
r107,5,48.5134202715,0
s565,5,48.2425521816,0
w350,5,48.232113105,0
s187,5,47.5767176093,1
j984,5,48.4107210949,1
w697,5,48.3018226056,1
j755,5,47.2428435703,0
g570,5,47.6564243575,1
u364,5,45.7608864728,1
x209,5,46.7542688725,0
c402,5,49.3426301024,1
b742,5,41.5340970177,0
n630,5,46.0990996926,0
g989,5,48.7868014635,0
e213,5,45.6992501826,1
a366,5,48.9513677307,0
w746,5,49.4532700546,0
s141,5,45.8311343446,0
i901,5,46.4930239194,0
t198,5,47.461260522,0
b879,5,49.1561562774,1
k603,5,46.0421158227,0
o523,5,45.5447000844,0
v923,5,45.7044343138,0
f966,5,38.7964737318,0
p387,5,48.6676307472,0
g867,5,46.8807491586,0
i635,5,47.2359371531,0
s619,5,46.6022687751,0
a699,5,46.5530898552,0
q132,5,46.7163985039,1
k862,5,49.2030578603,0
h333,5,45.7517272802,0
x401,5,45.4737530157,0
o926,5,46.7611637314,0
c927,5,46.3518420477,0
c559,5,46.5626379302,0
r701,5,46.886971367,0
j119,5,45.8389978688,0
p438,5,46.8279341768,0
m269,5,49.0111800953,0
a963,5,46.2335058086,0
p136,5,49.273970959,0
t724,5,46.3592582943,0
g989,5,47.5703920761,0
z314,5,45.934712167,0
a818,5,45.6967086395,0
v764,5,47.0541847448,0
j365,5,46.7112610998,0
i557,5,42.2616652999,0
x264,5,47.0384145045,0
v991,5,49.21432799,1
a788,5,47.0065802437,0
x111,5,46.9410149773,1
k510,5,46.6084671022,0
z435,5,47.1159796322,0
e584,5,45.656978496,0
m331,5,45.5230137147,1
n678,5,47.5542842873,0
p981,5,47.0006271728,0
g558,5,46.1887419277,0
e291,5,46.1425048634,0
q511,5,45.8326537772,0
u946,5,45.9918078001,1
z795,5,46.8334749348,0
t451,5,48.0471388219,0
s337,5,46.8498515661,0
o562,5,46.5149501609,1
w540,5,45.8853703831,1
w140,5,47.7179515606,0
l215,5,49.4819493532,1
y793,5,41.0199131497,0
n763,5,46.0859814231,0
a203,5,48.5084684007,0
w584,5,46.0519307545,0
y163,5,48.2849701562,0
o973,5,46.7178772684,0
o795,5,46.760927208,1
w422,5,48.4574592727,0
e662,5,45.8162825207,0
g791,5,45.8515306212,0
c580,5,46.628454797,0
e476,5,47.1118011298,0
k483,5,46.6110557083,0
y478,5,48.6410781799,1
i669,5,46.7646682399,1
d474,5,45.9183522533,0
w193,5,45.4938580222,0
q582,5,45.9553989471,1
s166,5,47.1867877757,0
o331,5,47.0596640836,1
k382,5,46.274997348,1
k804,5,48.2662036417,0
r850,5,46.8629119373,0
g316,5,44.0227524565,0
v766,5,48.1512509146,1
g497,5,48.7820687808,0
a520,5,38.7237069501,0
x773,5,45.8508307005,1
m550,5,49.0540973629,1
t994,5,47.8914870979,0
n364,5,45.5218747106,0
l264,5,46.6687664579,0
e227,5,47.2380111228,0
c326,5,49.3402031759,0
r157,5,45.5970635931,0
c766,5,47.3130553707,0
v719,5,47.1883632534,0
w678,5,43.1663726574,0
c139,5,48.7531120759,0
m546,5,42.9988763811,0
v339,5,46.2501121227,0
s152,5,47.4590529003,1
m650,5,48.5624949203,1
c282,5,45.7256897264,0
v989,5,48.8581345127,0
r944,5,45.7371448423,0
r554,5,45.781745793,1
c895,5,45.47754399,0
v409,5,46.2207964218,0
u196,5,45.5574644428,1
c832,5,48.6854612346,1
v289,5,46.204460027,0
a897,5,45.6911240483,1
f345,5,45.5911466041,0
s508,5,38.7118718494,0
a577,5,46.1977199027,1
z578,5,42.1887866197,0
i177,5,44.0653978295,0
a644,5,45.5501575368,0
c757,5,47.7832798083,0
s185,5,43.8784956861,0
i738,5,45.5956852699,0
m756,5,47.0103640056,1
o813,5,45.6993308778,0
j246,5,45.6414378763,0
a685,5,46.8704825568,0
r811,5,45.625802254,0
h246,5,49.4704170151,0
q597,5,45.7661110398,0
a251,5,46.9821271904,0
q787,5,47.1166158739,0
c758,5,45.5786783011,0
u327,5,45.6941880461,0
t565,5,45.8956472045,0
c819,5,45.7692486422,1
o302,5,48.9370118777,0
h531,5,47.7846818035,0
i477,5,46.6573847087,0
w151,5,45.5460759472,1
y260,5,46.79983867,0
r921,5,45.5682108285,0
a457,5,47.4628909977,0
j296,5,46.7992559073,1
w167,5,48.7862719435,0
a262,5,48.717568191,1
b128,5,45.6513313083,0
n671,5,47.3538893818,0
g288,5,45.8393997627,0
v603,5,46.0160059345,0
i334,5,41.0205182104,0
k403,5,38.8258980681,0
p189,5,49.0487070415,1
o809,5,46.8772431606,0
g107,5,48.7916649552,0
t718,5,45.9212527234,1
i386,5,46.8536966874,1
s121,5,45.6356617442,1
z581,5,49.273091866,1
f278,5,48.1945778805,0
j235,5,46.5888197836,0
m957,5,45.6223814897,1
e291,10,48.5297412455,1
u946,10,46.7305059208,1
g558,10,50.0947538217,0
i386,10,49.8615473917,2
e584,10,47.2506414788,0
o523,10,47.0810859034,1
i635,10,48.6857560472,1
b879,10,50.3389458287,1
u327,10,49.2352594778,0
n678,10,49.1457086645,1
r554,10,39.0054934991,2
z435,10,48.7106614712,0
s565,10,52.7775270975,0
g497,10,49.6470864981,0
s187,10,48.1463512065,1
o809,10,48.6707318029,0
z581,10,50.4787501591,2
r107,10,49.1860105163,0
k804,10,49.4712441862,0
a366,10,53.5239900685,0
j755,10,48.1670608295,0
g570,10,49.1882316674,1
d474,10,46.9749629727,0
c832,10,49.8114126213,1
x209,10,48.9298954297,0
u364,10,46.5684171913,2
k483,10,50.2960412296,1
o973,10,48.2457904318,0
y163,10,49.1123990977,1
e213,10,47.3915712023,2
a251,10,48.5911790054,1
p387,10,53.362962941,0
v923,10,39.8482232849,0
x111,10,49.1229689833,1
a577,10,49.5096388994,1
g288,10,46.3040025385,1
v603,10,47.8305568007,0
c139,10,49.9929539094,0
j296,10,48.5299776211,2
o331,10,50.1284548143,1
b759,10,49.1333549892,0
l490,10,47.2596059376,1
z969,10,52.6560814792,1
n671,10,51.0393565292,0
g107,10,53.4359866764,0
v835,10,48.9659179711,0
s710,10,43.6880262658,0
s121,10,49.0488347855,1
f436,10,48.146977582,2
r604,10,48.7865595745,1
l733,10,48.3549515398,0
l509,10,46.7590736347,0
y260,10,48.0818067794,1
v766,10,50.3631098827,1
n304,10,47.2012509684,0
a457,10,49.7834189373,0
l558,10,46.7845349065,0
o725,10,48.1994519951,0
c819,10,46.6583952671,1
i738,10,43.4210141409,0
n923,10,48.7919498615,1
p189,10,51.5821616756,2
q119,10,51.2366055724,0
l661,10,49.6836195618,0
f993,10,48.1853732268,0
m957,10,46.4145177047,1
h246,10,51.3688621605,1
w151,10,46.5014760885,1
y769,10,48.0151626056,1
y865,10,49.5227395512,1
b559,10,48.0364320179,0
s141,10,47.2356915575,0
l471,10,48.1820630619,0
x930,10,50.2606944112,0
a685,10,47.664752644,0
w193,10,48.3465504575,0
x822,10,48.9837166792,1
k382,10,50.1809676264,1
v289,10,48.1334820691,0
b487,10,47.6643870981,0
c895,10,49.7790154245,0
t724,10,50.7038996507,0
j119,10,46.4253655078,0
p438,10,50.5174978917,0
r701,10,49.6545963593,0
m650,10,50.9689976283,1
i557,10,42.9920765835,0
v719,10,51.4970541179,1
c927,10,50.9652976668,1
x264,10,47.8871276545,1
v991,10,52.6449056961,1
l264,10,50.6595809445,0
o562,10,47.1476700217,1
f345,10,47.2224461932,0
a818,10,49.7909194758,0
o287,10,47.3602008382,1
m550,10,50.5480345687,2
l700,10,47.0135665177,1
g316,10,44.5020424625,0
u149,10,47.4048343929,0
e476,10,49.4316853632,0
k210,10,49.3799323142,0
l725,10,50.8239115379,2
a275,10,47.3713432827,0
z795,10,48.0308039024,0
c580,10,47.5701738225,1
m133,10,47.5033380291,0
w422,10,49.9359702353,0
x581,10,49.0670278775,1
v295,10,47.5394621573,2
a203,10,51.852437204,1
y793,10,41.6300102575,1
q483,10,47.8391004992,1
w584,10,47.298507936,0
f966,10,35.6244026972,0
q132,10,47.9538437692,2
m269,10,50.860130061,0
w167,10,51.8264096538,0
m601,10,36.8253666359,1
a492,10,48.4321966076,0
x773,10,47.189205971,2
a401,10,47.7259374025,1
i177,10,41.0209292412,0
s166,10,49.0001246765,0
q582,10,47.013575144,1
w540,10,47.4590665763,1
j365,10,48.3493202828,0
v764,10,48.1890006167,1
g791,10,40.1705584752,0
y478,10,52.2889340897,1
l897,10,46.1547372137,0
o795,10,51.1237037021,1
g989,10,51.7451561314,0
p136,10,50.9078902812,0
t451,10,48.957919057,0
c282,10,48.1795063764,0
s337,10,47.8944414988,0
m546,10,43.748223567,0
v989,10,52.6146888902,1
a788,10,50.1597213166,1
a644,10,46.3807125833,0
v409,10,50.6490384223,1
r944,10,46.5442920172,0
a963,10,47.1505220053,0
t994,10,52.6141634992,1
c559,10,47.2932601213,0
a520,10,36.4293878059,0
a444,10,44.5125595148,0
u196,10,46.4229430611,1
e227,10,51.3497570463,1
f129,10,48.1797190801,1
t718,10,46.3926880486,1
n967,10,47.4717232698,1
d251,10,42.4322579132,1
b313,10,48.3193721835,1
f545,10,51.0725122479,0
a411,10,40.7597876228,1
w914,10,43.2319627458,0
c302,10,48.5335670388,1
j989,10,46.3438323743,1
k894,10,49.2728701133,1
y449,10,46.3780924822,0
w150,10,39.9523466857,0
j913,10,44.497162164,0
a897,10,47.9729270768,1
k754,10,49.746116661,0
k403,10,35.014271464,1
c757,10,49.2193166852,0
g296,10,48.2695086075,0
r921,10,42.7119269415,0
q633,10,49.0018655887,0
t565,10,46.7490055228,0
r811,10,39.453902997,0
f234,10,47.9043237514,0
x613,10,46.8181759016,0
x402,10,46.8869624881,1
o302,10,49.7014498925,0
w575,10,50.1359554709,1
c458,10,44.4543782848,1
i477,10,47.5206320557,0
c758,10,46.2879922276,0
d164,10,47.4746446813,1
q610,10,44.9914847141,0
s185,10,37.6149476787,0
q511,10,50.3116468696,0
c264,10,49.0265919617,0
k862,10,50.5235500683,1
n763,10,46.8173152626,1
h333,10,46.2338441389,1
c402,10,50.5668941174,1
q787,10,48.5938623364,1
b128,10,43.2708519028,0
g867,10,48.1834016703,0
g989,10,49.8805278017,0
b742,10,41.9992281339,0
e662,10,46.4090838477,0
i669,10,48.2816334005,1
a699,10,47.8673756864,0
q597,10,42.5379859779,0
j984,10,50.141084014,1
a262,10,49.5951812923,1
w350,10,48.8995523797,0
n364,10,40.3751381982,0
z578,10,42.9521184289,0
w697,10,48.9250560049,2
p310,10,48.6656066817,1
k603,10,46.6069467587,0
k510,10,47.6582497955,1
r850,10,48.5150908538,1
j235,10,48.0187879244,1
i901,10,50.4212498188,0
s152,10,52.1816442035,2
o926,10,47.5656736359,1
m331,10,47.6468773488,1
x401,10,39.1138906788,0
l215,10,53.6539695982,1
j246,10,46.4083612964,0
s508,10,34.8509979047,0
p981,10,47.5458458532,0
i334,10,41.6312473059,0
r157,10,46.059608267,0
t198,10,49.0008097751,1
c766,10,49.5002709847,1
q597,15,41.3956603602,0
l661,15,50.9475448381,1
y769,15,52.7610211384,2
s185,15,38.1772319541,0
d251,15,39.4727874418,1
y865,15,50.8065185581,1
a685,15,48.951474422,0
a262,15,53.8279736748,2
b128,15,43.7848934296,0
r811,15,40.0222923465,0
z581,15,51.1963042014,2
c819,15,48.3709991154,1
r850,15,50.218604692,1
b559,15,51.3788622899,0
c264,15,53.6649416525,1
o302,15,51.381488855,0
g288,15,42.1723007862,1
h246,15,56.1843270149,1
a251,15,50.5344560313,1
c757,15,51.5326030045,0
j989,15,41.1283543948,1
i334,15,39.1580011524,0
f993,15,49.1069747343,1
y449,15,44.1834509224,0
i738,15,37.978777818,0
i386,15,51.7365608832,2
u327,15,50.6599643742,0
q787,15,49.2177324345,2
n923,15,51.7387062263,1
c758,15,46.9409451215,1
c302,15,52.7166345889,2
q132,15,49.1597486205,3
n671,15,54.2160641052,0
a897,15,52.3430852455,2
k403,15,34.2239917444,1
b313,15,49.1883873469,1
p189,15,53.6755415046,2
m957,15,39.8044534147,1
w151,15,47.2429286461,1
v603,15,52.1029474359,0
j296,15,50.7012795885,2
o331,15,54.7897676868,1
a644,15,46.9108916644,0
o809,15,49.68344504,1
n763,15,47.7980996091,1
w422,15,52.2463098495,0
o795,15,55.8863379287,2
a203,15,52.7778704977,1
a520,15,35.5902540041,0
y163,15,51.5230684317,1
r944,15,47.3734232511,0
m550,15,51.1660654415,3
f345,15,48.3522385405,0
s152,15,57.2249806369,2
t994,15,53.4586388685,1
c895,15,52.9494647415,1
y793,15,42.283665123,1
u196,15,47.2271706546,1
c832,15,52.8645344875,1
s508,15,35.2769063405,0
m546,15,39.8974353259,0
a577,15,50.9150066245,2
m650,15,53.1495593311,1
v719,15,52.6091075758,1
c766,15,50.5966332487,2
c282,15,49.2660787336,0
j235,15,51.1611381503,1
e227,15,52.8339419644,1
c139,15,51.8332246013,0
n364,15,36.9402739897,0
v289,15,52.6021656439,0
r921,15,43.5272605378,0
y478,15,53.610405845,1
c580,15,51.9917080018,1
t565,15,44.4409486086,0
g497,15,53.6461680435,1
t718,15,48.0851255155,1
g107,15,58.1355448458,0
s121,15,50.8245603077,2
z578,15,38.6885160717,0
j246,15,43.3126541493,0
k804,15,50.4776182368,0
w167,15,53.9004890913,0
d474,15,47.7779358439,0
y260,15,50.1961522424,2
v766,15,51.5424305838,1
w584,15,51.26543971,0
x773,15,47.6712355761,3
i669,15,48.857600704,1
i177,15,40.3309347927,0
r157,15,46.539206172,0
k382,15,54.4291682136,1
k483,15,53.2444581257,1
q582,15,48.3226401822,2
e476,15,54.0462126734,0
g791,15,40.6781285242,0
g316,15,45.2167429944,0
r554,15,35.4637576272,2
o973,15,49.8719358185,0
e662,15,43.5537733856,0
w193,15,49.385573729,0
s141,15,49.2323453829,1
n967,15,49.8250036162,1
p438,15,52.1983681772,0
g989,15,51.3258520692,1
b487,15,51.6832558567,0
g570,15,52.6826953952,1
j119,15,47.3229842798,0
j755,15,51.4539739071,0
v764,15,49.4126241794,2
a818,15,51.2275656497,0
o287,15,48.6794526075,1
w540,15,48.2501463553,2
w350,15,50.8546323041,1
q483,15,48.4684825962,1
j365,15,49.5882633582,0
j984,15,51.1667568731,1
v295,15,50.6660539088,2
s187,15,52.0816322469,1
a401,15,49.9347254166,1
x581,15,49.7464274443,2
a492,15,51.9852629008,0
e291,15,49.3484262002,1
a275,15,49.7344035867,0
f129,15,49.9883024635,1
s565,15,54.328316635,1
x402,15,49.1199478021,1
l725,15,54.2445626831,2
b742,15,39.5248430117,0
t724,15,55.5846172365,0
k210,15,51.073557516,0
p136,15,51.9914161632,1
m269,15,55.9053435986,0
q511,15,52.1330813859,0
u946,15,47.6730292145,1
x401,15,39.7762500318,0
g558,15,51.007258002,0
t451,15,49.6527877227,0
z795,15,49.3681318879,1
o562,15,51.5050855053,1
s337,15,48.5715158185,0
v991,15,54.5885909999,1
a788,15,52.5399492638,1
a963,15,47.8368521776,0
x264,15,50.0023140274,1
e584,15,48.4304105275,1
c927,15,53.266430869,1
p981,15,49.6577097279,0
o926,15,48.2542483928,1
i557,15,43.5298757037,0
c559,15,51.4149035802,1
u364,15,47.212199924,2
r701,15,52.4848044296,0
l897,15,44.0615213987,0
k510,15,49.6870516988,1
e213,15,51.7916952961,2
h333,15,50.6926035803,2
c402,15,52.2307194355,1
g989,15,53.442019761,0
m601,15,35.464611749,1
m133,15,48.6652074029,1
m331,15,52.1100875766,1
w914,15,43.6884489266,0
s710,15,41.8452353628,0
a699,15,49.5304013734,0
g296,15,49.6532440363,1
a411,15,41.4841688531,1
b879,15,51.6183865728,1
p387,15,55.2513803256,0
r604,15,51.0745207273,1
l509,15,47.4885993127,1
f436,15,48.7220778494,2
u149,15,48.5223734258,0
b759,15,51.5877990597,0
g867,15,51.0604192395,1
k603,15,48.7752854973,0
i635,15,49.5368977457,1
k862,15,54.4745336208,1
k754,15,51.3235699401,0
j913,15,45.2525342738,0
v835,15,50.5452064621,1
l490,15,50.5248126764,1
k894,15,49.9877656973,1
l733,15,49.2851950356,0
f966,15,32.6230025264,0
f545,15,53.9455442904,1
o725,15,50.0150790177,1
p310,15,49.7707414379,1
r107,15,53.0903354556,0
q633,15,50.5835572966,1
x930,15,51.9737686396,0
f234,15,48.7351971444,1
l700,15,49.040225294,1
a444,15,43.001279573,0
a366,15,55.2655816269,0
x822,15,49.6946653339,1
x613,15,48.0776464047,0
l471,15,49.4068790086,0
z969,15,54.7130045239,2
c458,15,45.107423133,2
q610,15,45.8890275598,0
w697,15,52.6572651868,2
v923,15,40.4579887681,0
w575,15,50.8674517572,1
t198,15,49.7811807982,2
n304,15,48.477978952,0
i901,15,51.4196423913,0
u364,20,40.3439481218,2
o926,20,51.826638253,2
q132,20,51.9090249428,4
a577,20,52.3651845662,2
i386,20,55.0877244473,2
t198,20,51.4907399809,3
g558,20,55.0900969102,1
c766,20,53.0068646304,3
u946,20,49.1100496594,1
p310,20,54.2051805405,1
s152,20,62.3516094456,2
z581,20,51.807944156,2
f966,20,30.4859848438,0
o809,20,50.3365528785,1
s187,20,53.7447340563,1
b128,20,42.7315519999,0
i669,20,50.8736902697,1
b742,20,37.950355464,0
k804,20,54.4845194451,0
a699,20,50.7124233362,0
i635,20,51.8770618925,1
r107,20,55.2638583958,0
r554,20,36.0155885796,2
w350,20,52.1323206066,1
k603,20,50.180109351,0
a251,20,54.4625937637,1
k483,20,54.7789605219,1
a262,20,57.01331331,2
n763,20,49.2581258142,1
q787,20,50.2299341861,2
y163,20,54.5710760706,1
g570,20,54.6432954055,1
g989,20,55.3261220232,1
s141,20,51.6216457028,1
q511,20,52.6727120546,0
s121,20,52.0050658999,2
t718,20,52.6367000006,2
k210,20,51.9976185453,0
u149,20,50.3780578929,0
n671,20,54.8225209061,0
o302,20,56.1776114258,0
q633,20,53.287286808,1
x822,20,51.9149096805,2
a685,20,49.490559017,0
m957,20,38.9093491935,1
w575,20,55.591815495,1
l733,20,53.244311567,1
c757,20,52.8186340079,1
w151,20,49.5542629542,2
g296,20,51.4471183001,2
s185,20,36.8668757626,0
a897,20,54.5957054124,3
c264,20,54.5681957023,1
f545,20,58.8411888803,1
y769,20,55.0257243359,2
l471,20,52.2283269846,0
l661,20,52.6174900272,1
b313,20,53.9796796952,1
a401,20,52.2045113573,2
b759,20,54.4430350206,0
k754,20,52.6934227606,1
c302,20,54.0809083649,3
j296,20,54.005342089,3
l490,20,51.9054469916,1
l509,20,48.0704516203,2
w914,20,41.108092328,0
k894,20,50.9816393632,1
e227,20,56.6075521031,1
a275,20,50.513436517,1
x581,20,51.2079694323,3
o562,20,53.6168634714,1
c139,20,56.7420068107,0
c282,20,51.9505742324,0
v719,20,54.0486076896,1
v991,20,57.7406945896,2
s337,20,49.2020540787,1
c927,20,55.4816892239,1
t994,20,56.5279515948,1
a788,20,54.0609833167,1
c895,20,53.6768396045,2
l897,20,44.8130934306,0
f345,20,49.6133830266,0
c559,20,52.6043669453,2
r944,20,43.2256711926,1
p438,20,52.9052986063,0
o795,20,60.6100591598,3
y865,20,52.3619824116,1
x773,20,49.7397128983,3
w193,20,50.0051380745,0
j365,20,50.9393527774,1
q483,20,50.2398558011,1
j119,20,48.1582093856,1
e476,20,55.2492729551,0
w167,20,57.548156689,0
q582,20,51.1859764799,2
p136,20,54.9137985665,1
w584,20,53.3235074308,1
b487,20,53.4276634446,0
y478,20,56.8488501637,1
g316,20,45.9333221879,1
a203,20,55.1733364777,1
o287,20,50.8561407771,2
j246,20,44.0203700855,0
j235,20,52.9429016857,1
m550,20,53.7579447558,3
a818,20,54.8346244991,0
i901,20,55.9744050244,0
v923,20,39.6482956778,0
c758,20,43.1263113953,1
v295,20,55.7313753549,3
k862,20,57.0578481835,1
z578,20,36.8900163468,0
o331,20,58.9657204314,1
g791,20,41.2118970031,0
w697,20,54.2280909812,3
c819,20,49.7624147548,1
k403,20,32.9977285776,1
m133,20,52.636882487,1
j984,20,54.3725156669,1
c832,20,56.7102335288,1
q597,20,41.9255865973,0
t565,20,39.0702137997,0
c402,20,54.8833204427,2
h333,20,51.9978061811,2
k510,20,52.1055738193,1
o973,20,51.9569930962,1
l700,20,50.7347681083,1
p981,20,50.3580694704,0
m650,20,56.7779387968,2
j989,20,41.6353442608,1
b879,20,53.9834356818,1
g107,20,62.7060314471,0
a644,20,45.8650646108,0
y793,20,40.7164281529,2
i557,20,43.9678951624,0
e291,20,52.533764787,1
c580,20,55.575321945,2
k382,20,57.8243507069,2
w422,20,53.676243359,1
s508,20,35.9286508321,0
e584,20,50.3449209528,2
x264,20,53.074269727,1
e213,20,52.6137628852,2
r921,20,44.1363158847,0
j755,20,55.4966075281,1
e662,20,44.0012957974,0
r701,20,54.1141374178,0
y260,20,50.7295817393,3
i177,20,35.3453613591,0
r811,20,40.7728027034,0
s565,20,57.0461891185,1
m546,20,36.7122953532,0
a366,20,57.2859874161,0
t724,20,57.2294091428,0
p387,20,56.5876167975,0
v289,20,54.2500539748,0
h246,20,57.9359121766,1
l725,20,59.6151547968,2
z969,20,57.8987782255,2
w540,20,50.6727274492,2
i334,20,39.6878316954,0
v835,20,51.296542659,2
a444,20,41.7146187371,0
t451,20,51.063677929,0
a492,20,53.6771925282,0
g288,20,42.9571200134,1
x402,20,50.4147504143,2
n923,20,52.599206108,1
i738,20,38.5311363449,0
n364,20,37.4788684978,0
f234,20,51.1127129256,2
m601,20,34.2557316964,1
f993,20,52.0795100926,1
c458,20,39.5051350824,2
u196,20,46.1053630289,1
a411,20,38.0873731814,1
x930,20,52.5560657478,0
u327,20,53.1898790681,0
q610,20,46.5854334737,0
b559,20,55.6544557169,1
j913,20,42.1683413247,0
v603,20,53.7212419313,0
g497,20,55.0969935585,1
z795,20,53.2806571743,1
a520,20,35.9477451367,0
d474,20,51.7314941603,0
d251,20,37.6520908462,1
s710,20,42.6299626576,1
r604,20,51.9027529201,1
x401,20,36.065834708,0
m269,20,61.1458663804,0
a963,20,51.4637344829,0
p189,20,56.5302044709,3
g989,20,54.6576500822,1
n304,20,49.2533086334,1
u149,25,52.9253484646,0
x264,25,56.8910528277,2
l725,25,65.008828889,2
i177,25,34.0821803031,1
l471,25,52.8475589322,1
r944,25,41.0869910555,1
v295,25,57.6918591767,3
x930,25,53.7261013007,0
c927,25,56.5455194684,2
a520,25,36.5585812854,1
y865,25,57.173538463,2
b559,25,57.0436692907,1
m546,25,37.4444454297,0
v991,25,60.0167473328,2
l700,25,54.2345018064,1
w167,25,61.868576732,0
s710,25,43.0604087491,1
n304,25,53.9708592448,2
k210,25,54.6139727943,0
p438,25,54.510574925,0
x581,25,51.9352831811,3
q582,25,51.9682105622,2
r604,25,52.9368581162,1
j119,25,42.4171658876,1
l490,25,55.8100335908,2
q483,25,52.4300664882,1
a275,25,53.5760641671,1
a818,25,56.9662733232,0
l733,25,54.9516682635,1
o287,25,52.0684864185,3
z969,25,63.1456521274,2
m133,25,54.0824366171,2
t565,25,37.3422097633,0
l509,25,44.006257018,2
o795,25,65.7417772276,4
t724,25,59.826067973,1
b759,25,55.0836323492,0
b487,25,56.0577490854,1
u196,25,46.7053253976,1
r701,25,57.89848998,1
y478,25,57.8269759771,1
x773,25,51.1044210864,3
x822,25,54.0413332582,2
o809,25,52.3181740669,1
i557,25,44.5962185427,0
p136,25,56.2814765233,1
c559,25,54.555441683,2
m269,25,64.8930197554,0
a788,25,56.7702802971,1
x401,25,36.6171203135,0
a963,25,52.1298037405,0
l897,25,45.3546791646,0
s337,25,50.9706888979,2
b313,25,55.7451462776,1
j989,25,39.9341124852,1
q511,25,57.2575828717,0
t451,25,55.5275534452,0
c302,25,55.0762285293,3
o926,25,54.7633385212,3
p981,25,52.5447048014,1
c264,25,56.9667687641,2
d251,25,38.0975132842,1
w540,25,52.6002695518,2
j365,25,51.8103204006,1
j913,25,37.8606693634,0
a411,25,38.7014384033,1
k894,25,52.3258383266,2
g296,25,55.6701066045,3
w914,25,40.2919166099,0
q610,25,40.1464501916,0
w575,25,58.5873216927,1
h333,25,53.7309143434,2
m601,25,33.1187560745,1
q633,25,55.6831017,1
f234,25,52.178602209,2
f545,25,60.2534813862,1
x402,25,52.4317366358,2
a401,25,54.2098355061,3
a492,25,54.701228684,1
a444,25,42.2913943669,0
c458,25,37.7531496418,2
z795,25,57.9470998402,2
g989,25,56.0455635335,1
s185,25,33.9499403692,0
a366,25,59.0117281702,0
s187,25,56.4852198404,1
s565,25,58.5536107924,1
r921,25,42.6553408931,1
o302,25,60.517102525,0
g570,25,56.8494055954,1
j755,25,58.0558182164,1
e213,25,55.224476148,2
t718,25,55.876587874,3
u364,25,35.5036155664,2
g558,25,55.754082566,2
e584,25,51.3864190841,2
e291,25,55.1389525025,2
a644,25,41.4812240776,0
o562,25,54.7427331555,1
r811,25,37.6140106808,0
r107,25,57.7066671539,1
p387,25,58.0984894585,0
i635,25,52.9288232312,1
w350,25,52.8059151802,1
k403,25,33.4645773532,1
j984,25,57.0643547939,1
p310,25,55.3418341569,2
a897,25,56.4133197742,3
a699,25,51.8463814709,0
w697,25,57.610394297,3
c402,25,58.269888527,2
b742,25,38.6176843347,0
k862,25,58.7192972973,2
t198,25,56.184663987,3
c758,25,43.6022673026,1
c757,25,57.106418205,2
s141,25,53.8043703838,1
i901,25,56.5751949982,0
b879,25,56.4699874382,2
v923,25,40.1564126858,1
y769,25,58.3359590128,3
g791,25,35.5693993504,1
c282,25,56.292200388,1
s121,25,55.650681319,2
g107,25,64.6636257923,0
k804,25,55.6748079834,1
w151,25,51.8690586965,2
d474,25,54.2793246201,0
e227,25,60.6002916856,1
m550,25,57.620682369,4
r554,25,33.8933451485,3
f345,25,53.0788944028,0
c139,25,61.4619697626,0
g288,25,42.368692385,1
p189,25,62.1089595613,3
g497,25,57.5244461062,2
g316,25,46.8092246925,1
y260,25,54.437561723,4
c895,25,57.5341928813,2
i334,25,38.2488173201,1
h246,25,59.5488536968,1
k483,25,57.4320073076,2
z578,25,37.4141141905,0
c766,25,58.214624372,3
a577,25,54.3809315381,2
c819,25,51.8283570592,1
q597,25,42.5757070942,1
c832,25,58.8918164429,2
i669,25,53.3031845548,2
a685,25,51.9399509227,0
a262,25,60.1318621679,2
m650,25,62.2535969021,2
y163,25,56.1763845158,1
n671,25,56.1744578511,0
v289,25,56.7200954451,0
b128,25,43.2621448277,1
m957,25,37.6954315382,1
o973,25,53.1798147077,1
n763,25,53.4058705293,2
o331,25,61.1023057482,1
j296,25,55.76714817,3
q132,25,52.7804892972,4
w584,25,55.6508379117,1
j246,25,44.5552259519,0
e476,25,57.4086380039,0
c580,25,56.2890623117,2
u327,25,56.0596340925,0
i386,25,56.6878639177,3
s152,25,64.1191421308,2
w422,25,56.9579171512,2
v603,25,56.0752300146,1
a251,25,57.4146456985,1
l661,25,53.1806567827,2
k382,25,59.5039039178,3
i738,25,34.9734376085,0
n923,25,56.8554649752,2
e662,25,44.6645943219,1
n364,25,33.2050082421,0
q787,25,52.7131878552,2
y793,25,38.992733904,2
z581,25,54.3164068167,2
s508,25,36.3385689369,0
a203,25,56.7932083242,1
m650,30,64.9018875473,3
n763,30,55.4136596098,3
z578,30,37.8159348669,0
c758,30,44.1182702761,1
v923,30,40.7522162629,2
k862,30,60.6054397898,3
g570,30,60.3287170509,1
e584,30,54.9844076668,3
t198,30,56.9249743083,3
s141,30,55.841410065,1
c139,30,64.1498707741,1
w422,30,60.0966346716,3
b742,30,39.1679494956,0
i557,30,45.2613838113,0
u364,30,35.9783343964,2
g316,30,44.2214798796,2
r921,30,43.4193807663,1
m550,30,60.8565427184,4
e213,30,56.4587286423,3
a203,30,59.5231972822,1
a644,30,37.2111206315,0
j755,30,60.0072097835,1
r107,30,58.4064725585,1
p387,30,63.2692455226,0
c895,30,60.9697113308,2
r811,30,38.2420663887,0
c580,30,58.0465694091,3
f345,30,54.3637973094,1
o302,30,62.0305936448,1
e662,30,45.3502324156,1
b879,30,60.9076148061,2
s565,30,63.6689667821,1
t718,30,57.7041137204,3
g558,30,58.9528291072,3
c757,30,60.0985718432,2
i901,30,60.5918575471,0
i635,30,53.5970381963,2
s187,30,60.0087826265,2
c402,30,63.7431942843,2
a699,30,54.37934505,0
c264,30,57.8239155607,2
p136,30,57.0528054555,1
g497,30,61.1081859982,2
d251,30,38.7182563838,2
r554,30,32.6806545885,3
j365,30,54.4048817649,1
z581,30,56.2867499051,2
a492,30,56.2010410435,1
a444,30,42.7862783457,0
q787,30,55.0362062491,2
a401,30,55.9101615864,3
f545,30,65.8939860721,1
x402,30,54.3515846335,3
f234,30,56.8738165431,2
a251,30,59.8612412853,1
q633,30,58.0572525749,1
c458,30,38.3420082299,2
v603,30,57.9905537761,1
j246,30,38.044082019,1
w575,30,60.1530652379,1
w914,30,40.99311013,0
q610,30,40.6683425615,1
i386,30,59.1336402878,3
m601,30,31.7582749051,1
k894,30,54.4001227893,3
u327,30,57.3140723863,0
g296,30,57.9977064166,3
j913,30,34.7572404559,0
q132,30,54.656548721,4
i334,30,39.0055543531,1
x401,30,32.915291864,0
o809,30,54.8326287973,1
c559,30,57.146143883,2
o331,30,66.3306634729,1
a897,30,59.9169344271,3
a577,30,57.0318618675,2
j984,30,61.2405057258,1
q597,30,43.3391612293,1
k403,30,31.0994975278,1
w350,30,55.8799089617,1
c832,30,60.4963757866,2
s185,30,32.959670776,1
w584,30,58.2684424837,1
y163,30,59.41253724,2
g989,30,59.0822939412,1
h333,30,55.4552897489,2
a262,30,64.9580917839,3
w697,30,60.7206359101,3
p981,30,56.3391043173,1
c302,30,57.419743887,3
t451,30,59.2758226844,0
k483,30,59.7470770819,2
q511,30,59.3643535045,1
o973,30,57.7699595186,1
l897,30,39.3527920101,1
j989,30,34.6717810711,1
g288,30,42.8744605586,1
s337,30,52.7477176761,3
a963,30,53.4016673771,1
k804,30,59.2406151136,2
d474,30,55.3413415734,0
a788,30,60.4137090758,1
m269,30,67.7125098822,1
o926,30,56.9173983838,3
b128,30,40.6053348648,1
a366,30,63.4406862736,1
r701,30,60.3418187213,1
m957,30,38.2124793925,1
v295,30,59.3337720245,3
b759,30,55.7428286919,1
n364,30,33.8177579986,0
z969,30,65.8410127448,3
w151,30,56.7671582075,2
l700,30,56.6532149954,1
o287,30,54.5030012211,3
t724,30,64.2345946982,2
r944,30,41.680791107,1
x773,30,52.813115177,4
l509,30,44.7080547326,2
a275,30,54.4447131688,2
g107,30,69.1605198228,0
s508,30,35.4740223478,0
l471,30,58.0936044633,1
u196,30,47.622816356,2
p438,30,56.4064217341,0
j296,30,56.803061207,3
n923,30,59.6325605231,3
a411,30,39.1307372379,1
l733,30,56.3190653669,1
p189,30,67.1045366507,4
n304,30,55.0390198529,3
q582,30,52.6488934956,2
g791,30,34.9525828423,1
n671,30,60.1651804559,0
e227,30,62.4643851526,2
o795,30,68.2170697425,4
r604,30,54.688215356,2
x581,30,55.4928260178,3
c819,30,56.0989981962,1
l490,30,57.9183813165,3
a818,30,60.0723719791,0
c766,30,60.2559244984,3
l725,30,66.5995451484,3
q483,30,54.952225851,1
t565,30,32.8689161734,0
j119,30,43.0136811371,1
l661,30,55.3290993571,2
m546,30,37.9699336498,0
x822,30,55.4451548315,2
k210,30,59.9895097609,1
w167,30,67.1978718559,0
h246,30,63.5996095357,1
s710,30,43.5717032336,1
v991,30,62.7436430758,3
b559,30,61.1903866261,1
i738,30,35.5787798701,1
z795,30,59.789635904,2
c282,30,59.0059020685,1
e476,30,57.99279743,1
k382,30,63.4694415464,4
y769,30,61.0719488643,3
o562,30,59.6535245339,1
i177,30,34.711473016,1
y478,30,59.3746145163,1
y865,30,59.0332753041,3
a520,30,36.9477098106,1
x264,30,58.1586942342,3
a685,30,55.4538551891,1
y793,30,35.72602314,2
y260,30,58.5826763418,4
c927,30,60.7539246042,2
i334,35,39.7695521018,2
l897,35,37.682766641,1
o809,35,55.6294284646,1
a520,35,37.6247102563,1
p189,35,67.8737767518,4
k483,35,60.5415615864,2
x822,35,56.7965666526,2
a963,35,56.8139764581,1
l725,35,69.125701726,3
l733,35,57.6007977375,1
m269,35,68.689917354,1
y478,35,61.8880267768,1
s185,35,28.32853059,1
s337,35,54.8108125084,3
o973,35,60.2422193118,1
d474,35,56.4791125689,0
h246,35,67.211270096,2
j989,35,35.1155898014,1
k804,35,62.1172788661,2
e227,35,66.9491213569,3
w151,35,58.3391409547,2
q511,35,60.8386605931,1
l700,35,61.4626035412,1
t451,35,63.7569896424,0
e662,35,43.2202763647,1
z581,35,58.6283987816,3
c264,35,61.0747950616,2
w914,35,41.6649157736,1
l661,35,56.4741287099,2
v603,35,63.1894318386,1
j246,35,38.7532654788,1
q610,35,36.561652291,2
l509,35,40.2072885023,2
m546,35,38.6275358055,1
w575,35,63.6864450308,2
i386,35,64.9254203733,3
y865,35,61.1531399106,3
n364,35,34.4875220422,1
i738,35,36.1759526888,1
k894,35,55.3626623753,4
c282,35,59.8876547494,1
g296,35,60.3845197846,4
u327,35,58.089028365,1
j913,35,35.1701484317,0
y769,35,63.4306322123,3
m601,35,30.834357039,1
a444,35,41.7359508342,0
q633,35,63.1256592981,1
l471,35,61.4059991646,1
a251,35,60.9038845483,1
x401,35,30.2068248766,0
n304,35,57.1224192556,4
o795,35,69.0850941547,4
p136,35,57.6307819529,1
n923,35,60.3562943168,3
r604,35,59.217000146,2
t565,35,33.5156706323,0
d251,35,37.7085294203,2
j365,35,56.9612001622,2
c559,35,59.4550407417,2
a492,35,57.3085537947,1
g497,35,64.0948892973,2
z969,35,69.1762460669,4
a401,35,60.347144674,3
f545,35,66.7429241731,1
u196,35,47.0014654238,2
x402,35,55.2409622264,3
r554,35,33.0693370516,3
q787,35,60.3338524187,3
f234,35,57.748758312,2
j296,35,58.7144829582,3
c302,35,62.2365715655,3
c832,35,61.1244871697,2
g288,35,38.9541145767,1
f345,35,56.5233272649,1
g107,35,71.9051172092,0
b559,35,65.7057627543,1
r701,35,64.730010445,1
m550,35,62.5391538587,4
x773,35,55.1927363917,4
b128,35,37.9676443669,1
p387,35,66.4922037978,1
t724,35,67.7443279491,2
s565,35,64.7765790865,2
r811,35,36.003020161,1
i635,35,55.6799965568,2
o287,35,55.1182902851,4
c766,35,65.9523679089,4
o926,35,58.5939931772,3
r944,35,40.4017654219,2
i901,35,62.1273356091,0
g316,35,44.7028329625,2
a818,35,63.2985458584,0
m650,35,69.2657468118,4
b879,35,64.2608863279,2
z578,35,38.504824438,0
n763,35,57.3824129586,3
y793,35,36.3278695997,2
u364,35,35.4594897809,2
k382,35,66.079184831,4
t718,35,60.4638985119,3
e584,35,58.0865598876,3
e476,35,60.0643402029,1
v991,35,63.8953129437,4
g558,35,60.8621588345,4
z795,35,60.4356541639,2
i557,35,45.9419490139,0
p438,35,57.5385554628,1
w167,35,68.1342881703,0
i177,35,35.1521662043,1
a203,35,61.9316500694,2
a644,35,35.1286308314,0
c927,35,61.8722736528,3
j755,35,62.7328576005,1
y260,35,59.6035582109,4
w422,35,61.4096199392,4
x264,35,61.2996077776,4
g570,35,62.3304203966,2
e213,35,58.2458543541,3
q483,35,59.253484331,1
c757,35,64.2911635123,2
a411,35,39.7172358898,1
o562,35,65.3607674211,1
a685,35,58.0926292504,1
a897,35,64.0528731025,3
g989,35,62.5708796137,2
o331,35,70.126237536,2
q597,35,43.8072014225,1
j984,35,64.0553989564,1
v295,35,61.8931526689,3
q582,35,53.7131579152,2
k862,35,66.5807224433,3
j119,35,43.7657053733,1
k210,35,63.329330227,1
y163,35,61.7301956164,2
a275,35,56.3535380394,2
w350,35,56.6835575768,1
s508,35,35.846140698,0
k403,35,26.5469934307,1
a699,35,56.5106823354,1
s710,35,44.1605187913,1
c402,35,65.8079627002,2
c819,35,57.7295346636,1
x581,35,58.0775829251,3
c139,35,67.8214196868,1
a262,35,66.5619630236,4
m957,35,32.5628391419,1
b742,35,39.8475755554,0
c758,35,37.8023854599,1
v923,35,41.4392415569,2
w697,35,63.6890421576,3
p981,35,59.1310229741,1
t198,35,57.735941156,3
g791,35,30.9603919427,1
a262,40,69.592731975,4
a644,40,35.7794508609,0
i334,40,40.442370367,2
a520,40,38.2597249741,1
k894,40,58.647056157,4
e662,40,44.0067238476,2
n364,40,34.9547331119,1
k403,40,24.3655047062,1
b128,40,38.3797259008,2
i177,40,35.5579327877,2
c302,40,63.2810714824,4
s508,40,32.7981711883,0
y478,40,65.9711201741,1
t718,40,61.5303989002,3
c282,40,65.0217994401,2
o795,40,70.2664788696,4
m546,40,35.1145752025,1
z578,40,34.0220933558,0
g791,40,31.3694057336,1
c758,40,32.8331885798,1
d251,40,38.2654037868,2
c264,40,65.7083227208,2
u196,40,43.4536867949,2
c757,40,66.6043677097,2
r811,40,36.5200328965,1
c766,40,67.6852945578,4
e227,40,70.7152176003,3
n763,40,58.0111458296,4
f545,40,71.1081183452,1
r944,40,41.042044904,2
x773,40,55.9876755056,4
s185,40,25.4721432616,1
a897,40,67.211742786,4
q787,40,62.0341267031,3
a444,40,42.5049255428,0
m601,40,31.3780453019,1
t565,40,33.9493413058,0
q597,40,44.4718212132,2
j989,40,35.5011901367,1
u327,40,60.4665454118,1
b879,40,67.1891266642,2
j755,40,67.2077102951,1
y260,40,60.9141762702,4
g570,40,68.5258561579,2
a275,40,60.9215386787,3
s710,40,40.1719201094,1
s565,40,67.2210069793,2
p387,40,69.0388761787,1
l471,40,63.84485785,1
i635,40,56.8424351425,3
e476,40,61.5252758296,1
k382,40,67.4209552138,4
j119,40,44.5850895996,1
i901,40,64.3034545102,0
a203,40,63.5934900195,2
b742,40,38.2556273978,0
w422,40,63.0725846692,4
k862,40,67.5713412826,4
t198,40,59.1299599699,4
k210,40,66.6228362756,2
a699,40,58.6054481636,1
f345,40,58.3155925041,1
v923,40,42.1510147986,2
m550,40,68.2107201909,4
l661,40,59.2056687605,3
o287,40,57.1971928996,4
v295,40,65.4660744433,3
e213,40,60.2365479716,3
w151,40,62.1879503891,2
p189,40,74.1060907731,4
t724,40,69.7283255901,2
q483,40,64.1923411352,1
r701,40,66.6407217789,1
p438,40,59.3052880573,1
a818,40,69.2738137369,1
x264,40,63.2832882078,4
c927,40,64.1832291806,4
a411,40,40.2588176479,1
j296,40,60.0726884804,3
a685,40,60.5679037056,2
z795,40,62.3766388411,3
v991,40,64.8511286037,4
h246,40,71.1508346844,2
u364,40,36.0241375158,2
o562,40,71.1724632085,1
m957,40,32.9476148417,1
c819,40,62.1757046461,1
x581,40,60.2804054858,3
e584,40,62.8168708302,4
g558,40,61.7749626799,4
y793,40,31.4754107558,2
i557,40,46.8210697156,1
j984,40,67.7770803588,1
l725,40,73.6934938188,3
g316,40,45.5658210311,2
p136,40,61.3802488668,1
r604,40,60.1861153114,2
a492,40,57.9284989721,1
k483,40,64.1387248902,3
o973,40,64.4878124585,2
j365,40,62.3271706555,2
d474,40,60.2337327781,1
l509,40,40.7708125938,2
z581,40,60.053739634,3
a401,40,61.7686053849,4
g497,40,67.7428140557,2
x402,40,56.6917229436,3
y865,40,63.4695494599,3
q633,40,68.4986387581,2
z969,40,70.3149041142,4
a251,40,63.0950756519,1
w914,40,35.6113086052,2
w575,40,64.938406207,3
r554,40,31.8048413297,3
i386,40,67.2896214667,4
j913,40,31.0018607761,1
g296,40,62.2219149274,4
i738,40,36.8438979862,2
c832,40,62.5723181635,2
c559,40,60.8618443123,3
x401,40,28.1673973231,0
n304,40,59.8305066732,4
w350,40,62.3243476901,2
m650,40,70.7970678729,4
c402,40,70.2222967893,2
b559,40,69.9696164479,1
o926,40,59.903044477,3
c139,40,69.4281409486,2
l897,40,38.3439015408,1
x822,40,59.5556846563,2
l700,40,62.9866779843,1
t451,40,67.654795994,1
y163,40,63.6206795825,2
q511,40,63.1944280711,2
l733,40,59.4435064952,1
m269,40,70.2146441864,1
y769,40,64.2510276139,4
g288,40,36.3568512105,1
n923,40,66.2296055391,3
a963,40,58.4637868525,1
o331,40,71.4477425103,3
s337,40,56.9948158925,4
n364,45,31.0953350465,1
b128,45,38.9828777369,2
l661,45,59.8519555174,3
y865,45,64.7298365528,3
y769,45,68.5947449754,4
b559,45,73.0513633905,1
t565,45,34.4552979914,0
c282,45,65.8151653496,2
l509,45,41.4830076486,3
j296,45,61.8490233555,3
a411,45,38.407618303,1
p189,45,75.2949359046,4
m650,45,73.9013991214,4
q597,45,45.2208688795,2
g288,45,37.0740242155,1
o331,45,78.5670136214,4
y163,45,67.685568623,3
i334,45,36.3745103858,2
c139,45,72.2267308995,2
c832,45,65.415954505,3
a262,45,70.7176205811,4
z581,45,62.7544514073,3
g497,45,69.8722507947,2
a251,45,65.5257428523,1
q787,45,66.0964747731,3
r554,45,32.3773568408,3
k483,45,66.1969115113,3
w151,45,67.5274823673,3
g316,45,40.1592202986,2
m550,45,69.2535031225,4
e227,45,73.2129385077,3
a685,45,66.08306589,3
s508,45,30.2762317489,0
h246,45,74.1040856682,2
y793,45,31.8962383998,2
c766,45,69.8231457684,4
z578,45,30.6386957475,0
m957,45,33.3290977815,1
e662,45,40.6590062721,2
e476,45,62.4354040184,1
k382,45,73.7156189986,4
a203,45,67.9734187806,2
w422,45,67.9895300127,4
f345,45,60.9187665154,1
y260,45,62.9094406203,4
m546,45,30.564625086,1
a818,45,74.9977644288,2
l471,45,67.7486617382,1
s337,45,62.1096510197,4
a963,45,62.7650931652,1
q511,45,68.6110607477,3
k403,45,22.0501262735,1
t451,45,68.711630197,1
o926,45,62.3279660629,4
l897,45,38.8468756907,1
c302,45,64.5752215711,4
w350,45,64.957561848,2
c402,45,74.0403901771,3
v923,45,40.6581236579,2
c758,45,33.3976525121,1
j984,45,70.6538316181,1
a699,45,62.1914143712,1
a897,45,72.2559630577,4
t198,45,64.9113626787,4
k862,45,69.2991490732,4
j989,45,36.134852433,1
b742,45,38.9396326337,0
m269,45,75.1236895484,1
c264,45,67.9421210707,2
g296,45,68.1631951707,4
j913,45,31.5604695499,1
w575,45,68.4012859299,3
k894,45,60.7527041686,4
a444,45,43.0475426023,0
q633,45,70.8277963054,2
w914,45,36.0410473598,2
a401,45,66.7941559892,4
f545,45,73.3244322804,1
x402,45,61.6196061525,3
j365,45,64.2940849315,2
m601,45,28.4309641063,1
d251,45,37.3112355195,2
a492,45,60.1220105157,1
x401,45,28.4840328114,0
p136,45,63.4886967803,2
c559,45,61.840058422,4
s185,45,23.3435978665,1
i738,45,37.3118457744,2
i901,45,65.3418108738,0
c757,45,69.0428408177,3
t724,45,75.1132880077,2
s710,45,40.7285778716,1
x581,45,64.6349488748,3
a275,45,62.9993561904,3
a520,45,38.8103663256,1
k210,45,68.9231845721,3
j119,45,38.1251643976,1
y478,45,66.842634534,1
l725,45,76.6688174173,3
x822,45,61.3866603152,3
l700,45,63.9466404372,1
l733,45,64.2998300327,1
n304,45,63.5863951382,4
o795,45,73.0594543492,4
u196,45,40.6677129221,3
r604,45,62.670759039,3
z969,45,73.8678447583,4
g791,45,29.1284718087,1
i635,45,58.6334041401,3
o287,45,59.7419006401,4
r701,45,69.7785440734,1
r811,45,37.2256503301,1
u327,45,66.2688013293,2
s565,45,72.5889644677,2
g570,45,70.4927876341,2
i557,45,47.6859630331,1
a644,45,32.9785219169,1
j755,45,69.5636207598,1
e213,45,63.1056962952,4
e584,45,68.3597766991,4
t718,45,63.4236951662,4
o562,45,72.4554211616,2
i177,45,33.5624021721,3
v991,45,70.1677489854,4
z795,45,65.7410702939,3
r944,45,41.5815207362,2
u364,45,31.0239229361,3
p438,45,61.4338922251,1
x773,45,58.6349714869,4
b879,45,72.5552389364,2
